ql	sl	pid	len	qlen	slen	qcov	ev	bits
F02	F25	100.0	98	124	98	0.79	2.5500000000000003e-64	190.0
F02	F07	48.8	125	124	129	0.98	2.2400000000000002e-29	103.0
F02	F28	51.0	100	124	103	0.81	2.33e-26	94.7
F02	F20	50.9	106	124	225	0.82	5.44e-24	92.0
F04	F26	91.8	110	125	151	0.88	7.899999999999999e-68	201.0
F04	F12	84.8	125	125	178	1.0	9.43e-68	202.0
F04	F33	93.5	108	125	202	0.86	1.67e-66	199.0
F04	F31	92.2	90	125	90	0.72	2.3899999999999998e-54	165.0
F04	F38	78.7	89	125	90	0.71	2.72e-44	139.0
F04	F24	100.0	62	125	62	0.5	8.76e-38	122.0
F41	F39	99.6	280	366	290	0.77	3.86e-211	579.0
F03	F23	77.0	113	122	134	0.87	2.89e-61	184.0
F03	F22	63.4	112	122	180	0.91	3.13e-49	155.0
F03	F15	64.2	106	122	146	0.86	8.55e-47	147.0
F03	F35	98.5	65	122	126	0.53	2.07e-43	138.0
F03	F05	52.5	80	122	117	0.66	7.930000000000001e-27	96.3
F03	F27	52.5	80	122	165	0.66	1.44e-26	97.1
F03	F11	50.0	54	122	87	0.43	1.74e-11	56.2
F03	F37	52.9	34	122	53	0.28	9.37e-07	43.1
F12	F26	81.5	178	178	151	1.0	1.01e-93	269.0
F12	F33	100.0	108	178	202	0.61	1.12e-71	215.0
F12	F04	84.8	125	178	125	0.7	9.459999999999999e-68	202.0
F12	F31	97.8	90	178	90	0.51	2.4300000000000003e-58	177.0
F12	F38	83.1	89	178	90	0.5	1.0700000000000001e-47	150.0
F12	F24	95.2	62	178	62	0.35	2.67e-35	118.0
F12	F16	35.0	80	178	120	0.43	4.01e-07	47.0
F12	F28	38.5	65	178	103	0.34	3.96e-06	43.9
F12	F13	30.2	96	178	117	0.52	5.13e-06	43.9
F12	F07	38.5	65	178	129	0.34	6.28e-06	43.9
F15	F22	80.6	180	146	180	1.0	1.71e-99	283.0
F15	F03	64.2	106	146	122	0.73	8.349999999999999e-46	145.0
F15	F23	48.2	114	146	134	0.73	7.550000000000001e-32	110.0
F15	F05	57.5	80	146	117	0.55	2.2600000000000003e-27	98.6
F15	F27	57.5	80	146	165	0.55	8.300000000000001e-27	98.6
F15	F35	50.0	72	146	126	0.49	6.05e-18	74.7
F15	F11	52.7	55	146	87	0.37	9.24e-11	55.1
F15	F37	57.1	35	146	53	0.24	4.04e-07	44.7
F28	F07	100.0	103	103	129	1.0	6.3799999999999994e-68	199.0
F28	F20	97.6	85	103	225	0.83	1.04e-51	162.0
F28	F02	51.0	100	103	124	0.97	2.3800000000000002e-27	97.1
F28	F25	50.5	97	103	98	0.94	5.39e-26	92.8
F19	F08	88.0	117	103	117	1.0	4.1600000000000003e-66	194.0
F19	F30	81.9	105	103	100	1.0	1.24e-50	155.0
F19	F18	100.0	45	103	62	0.44	6.73e-25	89.0
F19	F36	100.0	43	103	62	0.42	1.5699999999999997e-23	85.5
F19	F10	35.6	118	103	119	0.97	3.6e-15	65.9
F19	F29	31.4	118	103	140	0.97	6.02e-11	55.5
F19	F17	46.6	58	103	108	0.56	4.92e-10	52.4
F19	F16	35.7	112	103	120	0.9	1.91e-08	48.5
F36	F18	72.6	62	62	62	1.0	3.84e-25	87.8
F36	F30	72.1	61	62	100	0.98	4.3399999999999995e-24	86.3
F36	F19	100.0	43	62	103	0.69	6.68e-24	85.9
F36	F08	100.0	43	62	117	0.69	9.74e-24	85.9
F25	F02	100.0	98	98	124	1.0	2.02e-64	190.0
F25	F28	50.5	97	98	103	0.99	2.95e-25	90.9
F25	F07	50.5	97	98	129	0.99	5.99e-25	90.9
F25	F20	53.8	78	98	225	0.8	1.15e-19	79.7
F10	F29	88.1	118	119	140	0.99	2.73e-71	209.0
F10	F17	88.0	108	119	108	0.91	3.48e-65	192.0
F10	F08	43.2	118	119	117	0.99	7.57e-24	88.6
F10	F19	35.6	118	119	103	0.99	2.94e-15	66.2
F10	F30	33.9	118	119	100	0.99	6.89e-13	60.1
F10	F16	32.5	120	119	120	0.99	8.53e-12	57.8
F10	F18	40.7	59	119	62	0.5	6.18e-09	48.9
F10	F09	32.9	76	119	124	0.61	6.72e-07	45.1
F23	F03	84.3	102	134	122	0.76	9.099999999999999e-61	182.0
F23	F35	94.4	71	134	126	0.51	8.07e-44	140.0
F23	F22	53.4	103	134	180	0.76	5.47e-33	114.0
F23	F15	48.2	114	134	146	0.84	3.46e-32	111.0
F23	F05	48.2	83	134	117	0.61	3.72e-20	79.7
F23	F27	45.1	82	134	165	0.61	8.54e-20	80.1
F23	F11	46.5	43	134	87	0.32	8.76e-08	47.0
F23	F37	52.9	34	134	53	0.25	6.22e-07	43.9
F20	F07	98.2	111	225	129	0.49	1.3e-68	206.0
F20	F28	97.6	85	225	103	0.38	7.979999999999999e-52	163.0
F20	F02	53.0	100	225	124	0.44	2.52e-24	93.6
F20	F25	54.5	77	225	98	0.34	1.24e-20	83.2
F01	F42	97.1	339	667	427	0.51	4.15e-231	648.0
F39	F41	99.6	280	290	366	0.97	6.17e-211	578.0
F32	F06	93.5	124	154	170	0.81	6.93e-76	223.0
F32	F14	89.7	78	154	124	0.51	1.1300000000000001e-43	140.0
F32	F21	84.5	58	154	145	0.38	2e-28	102.0
F05	F27	99.1	112	117	165	0.96	1.37e-78	228.0
F05	F11	92.5	67	117	87	0.56	1.17e-40	130.0
F05	F22	51.5	97	117	180	0.8	1.2400000000000001e-26	97.4
F05	F15	57.5	80	117	146	0.68	2.0700000000000002e-26	95.9
F05	F03	54.3	81	117	122	0.68	1.7499999999999999e-25	92.8
F05	F37	97.2	36	117	53	0.31	3.95e-21	79.7
F05	F23	48.2	83	117	134	0.64	3.66e-19	77.0
F05	F35	52.6	38	117	126	0.32	7.68e-10	52.8
F08	F19	88.0	117	117	103	1.0	6.71e-66	194.0
F08	F30	83.8	117	117	100	1.0	3.81e-60	179.0
F08	F18	100.0	59	117	62	0.5	1.02e-34	114.0
F08	F36	100.0	43	117	62	0.37	2.6099999999999997e-23	85.5
F08	F10	43.2	118	117	119	0.97	2.9999999999999994e-23	87.0
F08	F29	37.3	118	117	140	0.97	1.34e-17	73.2
F08	F17	39.8	103	117	108	0.85	7.82e-16	67.8
F08	F16	42.0	112	117	120	0.91	1.17e-14	65.1
F08	F09	32.6	92	117	124	0.73	3.4e-06	43.1
F38	F31	82.2	90	90	90	1.0	2.99e-48	148.0
F38	F26	82.2	90	90	151	1.0	1.37e-47	148.0
F38	F12	82.2	90	90	178	1.0	3.1100000000000002e-47	148.0
F38	F33	82.2	90	90	202	1.0	6.3e-47	148.0
F38	F04	77.8	90	90	125	1.0	5.61e-44	138.0
F38	F24	78.7	61	90	62	0.68	4.49e-29	99.0
F11	F27	67.3	107	87	165	1.0	3.63e-40	130.0
F11	F05	67.3	104	87	117	0.97	7.16e-40	127.0
F11	F37	100.0	53	87	53	0.61	2.08e-34	112.0
F11	F03	50.0	54	87	122	0.62	2.74e-10	52.8
F11	F15	52.7	55	87	146	0.62	1.18e-09	51.6
F11	F22	52.7	55	87	180	0.62	1.9e-09	51.6
F11	F23	46.5	43	87	134	0.49	8.5e-07	43.9
F33	F26	83.5	139	202	151	0.69	1.9299999999999997e-74	221.0
F33	F12	100.0	108	202	178	0.53	4.46e-72	216.0
F33	F04	93.5	108	202	125	0.53	9.43e-67	201.0
F33	F31	97.8	90	202	90	0.45	5.83e-58	177.0
F33	F38	83.1	89	202	90	0.44	2.47e-47	150.0
F33	F24	95.2	62	202	62	0.31	5.78e-35	118.0
F33	F16	35.0	80	202	120	0.38	5.61e-07	47.0
F33	F13	30.2	96	202	117	0.46	2.65e-06	45.1
F33	F28	38.5	65	202	103	0.3	5.32e-06	43.9
F33	F07	38.5	65	202	129	0.3	8.5e-06	43.9
F27	F05	99.1	112	165	117	0.68	1.59e-77	226.0
F27	F11	91.4	70	165	87	0.42	9.78e-40	129.0
F27	F15	57.5	80	165	146	0.48	4.2e-25	94.4
F27	F22	53.8	91	165	180	0.53	5.01e-25	95.1
F27	F03	52.5	80	165	122	0.48	1.75e-24	92.0
F27	F37	94.4	36	165	53	0.22	5.72e-19	75.9
F27	F23	45.1	82	165	134	0.45	4.56e-18	75.9
F27	F35	47.1	51	165	126	0.3	1.8e-09	53.1
F42	F01	97.1	339	427	667	0.79	1.07e-230	646.0
F21	F14	99.0	104	145	124	0.72	1.5399999999999999e-69	205.0
F21	F06	99.0	104	145	170	0.72	6.919999999999999e-69	205.0
F21	F34	100.0	71	145	71	0.49	2.35e-44	140.0
F21	F32	94.2	52	145	154	0.36	9.400000000000001e-29	103.0
F21	F16	42.3	104	145	120	0.7	4.03e-20	80.1
F21	F10	34.7	95	145	119	0.61	5.87e-06	43.1
F37	F11	100.0	53	53	87	1.0	3.63e-34	110.0
F37	F05	58.9	73	53	117	1.0	7.25e-21	78.2
F37	F27	57.5	73	53	165	1.0	2.6e-19	75.5
F37	F15	61.3	31	53	146	0.57	7.92e-07	42.7
F37	F22	61.3	31	53	180	0.57	1.09e-06	42.7
F37	F23	56.7	30	53	134	0.57	1.88e-06	41.6
F37	F03	56.7	30	53	122	0.57	4.43e-06	40.4
F31	F26	97.8	90	90	151	1.0	2.13e-58	176.0
F31	F12	97.8	90	90	178	1.0	4.9900000000000005e-58	176.0
F31	F33	97.8	90	90	202	1.0	1.05e-57	176.0
F31	F04	92.2	90	90	125	1.0	3.48e-54	164.0
F31	F38	83.1	89	90	90	0.99	2.11e-48	148.0
F31	F24	95.2	62	90	62	0.69	1.07e-36	118.0
F31	F16	33.8	80	90	120	0.86	7.55e-07	43.9
F31	F09	31.0	84	90	124	0.89	8.05e-07	43.9
F09	F16	35.7	84	124	120	0.68	2.3e-09	51.6
F09	F10	32.9	76	124	119	0.61	3.39e-08	48.5
F09	F17	31.6	76	124	108	0.61	5.39e-08	47.8
F09	F29	31.6	76	124	140	0.61	9.51e-08	47.8
F09	F08	32.6	92	124	117	0.73	1.26e-07	47.0
F09	F31	31.7	82	124	90	0.66	1.56e-06	43.5
F07	F20	98.2	111	129	225	0.86	2.14e-68	205.0
F07	F28	100.0	103	129	103	0.8	7.99e-68	199.0
F07	F02	50.0	120	129	124	0.93	2.3300000000000002e-29	103.0
F07	F25	50.5	97	129	98	0.75	1.38e-25	92.8
F29	F17	99.1	108	140	108	0.77	9.540000000000001e-73	213.0
F29	F10	87.4	119	140	119	0.85	2.63e-70	207.0
F29	F08	37.3	118	140	117	0.84	3.19e-17	72.4
F29	F19	31.4	118	140	103	0.84	3.19e-10	53.9
F29	F16	34.1	88	140	120	0.61	1.34e-08	50.1
F29	F30	28.0	118	140	100	0.84	7.09e-07	45.1
F26	F12	81.5	178	151	178	1.0	7.01e-93	266.0
F26	F33	98.2	112	151	202	0.74	8.309999999999999e-74	219.0
F26	F04	91.8	110	151	125	0.73	3.33e-68	202.0
F26	F31	97.8	90	151	90	0.6	8.77e-59	177.0
F26	F38	83.1	89	151	90	0.59	3.99e-48	150.0
F26	F24	95.2	62	151	62	0.41	1.0600000000000001e-35	118.0
F26	F16	35.0	80	151	120	0.51	2.46e-07	47.0
F26	F13	30.2	96	151	117	0.62	1.22e-06	45.1
F26	F28	38.5	65	151	103	0.4	2.55e-06	43.9
F26	F07	38.5	65	151	129	0.4	4.01e-06	43.9
F26	F09	29.8	84	151	124	0.53	7.14e-06	43.1
F26	F20	38.5	65	151	225	0.4	9.95e-06	43.9
F06	F14	100.0	124	170	124	0.73	6.83e-84	243.0
F06	F32	98.3	118	170	154	0.69	7.65e-76	223.0
F06	F21	99.0	104	170	145	0.61	1.6299999999999998e-68	204.0
F06	F34	100.0	71	170	71	0.42	5.84e-44	140.0
F06	F16	40.0	120	170	120	0.69	2.14e-20	81.6
F30	F08	83.8	117	100	117	1.0	3.9599999999999995e-61	182.0
F30	F19	81.9	105	100	103	1.0	2.08e-51	157.0
F30	F18	100.0	61	100	62	0.61	6.74e-38	121.0
F30	F36	72.1	61	100	62	0.61	1.72e-24	87.8
F30	F10	33.9	118	100	119	0.97	2.9e-13	60.8
F30	F29	28.0	118	100	140	0.97	9.45e-08	47.0
F30	F17	29.1	103	100	108	0.82	6.37e-06	41.6
F34	F14	100.0	71	71	124	1.0	6.08e-45	140.0
F34	F21	100.0	71	71	145	1.0	1.15e-44	140.0
F34	F06	100.0	71	71	170	1.0	2.44e-44	140.0
F34	F16	52.5	59	71	120	0.83	4.01e-16	67.0
F35	F23	94.4	71	126	134	0.56	6.19e-43	137.0
F35	F03	98.5	65	126	122	0.52	1.23e-42	136.0
F35	F22	53.1	64	126	180	0.51	5.06e-19	78.2
F35	F15	51.6	64	126	146	0.51	7.37e-18	74.3
F35	F27	47.1	51	126	165	0.4	7.05e-10	53.9
F35	F05	52.6	38	126	117	0.3	1.16e-09	52.4
F14	F06	100.0	124	124	170	1.0	1e-83	242.0
F14	F21	99.0	104	124	145	0.84	2.65e-69	204.0
F14	F34	100.0	71	124	71	0.57	1.0600000000000001e-44	140.0
F14	F32	97.2	72	124	154	0.58	1.8300000000000003e-43	139.0
F14	F16	40.0	120	124	120	0.95	1.02e-20	80.9
F14	F10	34.7	95	124	119	0.72	7.26e-06	42.4
F16	F14	39.7	121	120	124	1.0	1.58e-19	77.8
F16	F21	41.9	105	120	145	0.87	3.75e-19	77.4
F16	F06	39.7	121	120	170	1.0	4.7e-19	77.8
F16	F34	51.7	60	120	71	0.5	1.92e-15	65.9
F16	F08	42.0	112	120	117	0.92	4.27e-15	66.2
F16	F10	37.5	88	120	119	0.73	8.6e-12	57.8
F16	F17	40.3	62	120	108	0.52	1.48e-10	54.3
F16	F29	40.3	62	120	140	0.52	2.8e-10	54.3
F16	F09	43.5	62	120	124	0.5	6.16e-09	50.4
F16	F19	35.7	112	120	103	0.92	3.13e-08	48.1
F16	F26	44.7	47	120	151	0.39	1.43e-06	44.7
F16	F12	44.7	47	120	178	0.39	1.91e-06	44.7
F16	F33	44.7	47	120	202	0.39	2.29e-06	44.7
F16	F31	42.6	47	120	90	0.39	2.78e-06	42.7
F18	F30	100.0	61	62	100	0.98	8.43e-38	120.0
F18	F08	98.3	60	62	117	0.97	9.38e-36	116.0
F18	F36	72.6	62	62	62	1.0	1.9e-25	88.6
F18	F19	93.9	49	62	103	0.79	2.01e-25	89.7
F18	F10	40.7	59	62	119	0.95	9.03e-09	47.8
F22	F15	80.6	180	180	146	1.0	7.36e-100	284.0
F22	F03	63.4	112	180	122	0.62	1.8699999999999998e-48	153.0
F22	F23	50.0	110	180	134	0.57	1.0400000000000001e-32	114.0
F22	F05	51.5	97	180	117	0.54	1.6900000000000003e-27	100.0
F22	F27	53.8	91	180	165	0.51	8.820000000000001e-27	99.8
F22	F35	51.4	72	180	126	0.39	3.65e-19	79.0
F22	F11	48.5	66	180	87	0.36	9.88e-11	55.8
F22	F37	57.1	35	180	53	0.19	7.11e-07	44.7
F24	F04	100.0	62	62	125	1.0	1.77e-37	120.0
F24	F31	95.2	62	62	90	1.0	8.59e-36	115.0
F24	F26	95.2	62	62	151	1.0	5.05e-35	115.0
F24	F12	95.2	62	62	178	1.0	1.0699999999999999e-34	115.0
F24	F33	95.2	62	62	202	1.0	2.02e-34	115.0
F24	F38	80.0	60	62	90	0.97	2.54e-28	96.7
F17	F29	99.1	108	108	140	1.0	3.65e-73	213.0
F17	F10	88.0	108	108	119	1.0	2.59e-64	190.0
F17	F08	39.8	103	108	117	0.95	2.04e-15	66.6
F17	F16	40.3	62	108	120	0.56	7.99e-09	49.7
F17	F19	33.0	103	108	103	0.95	2.24e-08	48.1
