control_id	class	expected_call	anchor_type	resolved_family	actual_call	outcome	note
POS_EAS	positive	novel	protein_id	tr|B2B0H0|B2B0H0_PODAN	novel	hit	
NEG_BUSCO01	negative	core	busco	tr|Q2H025|Q2H025_CHAGB	not_novel	tn	
NEG_BUSCO02	negative	core	busco	sp|Q7SC06|RS25_NEUCR	not_novel	tn	
NEG_BUSCO03	negative	core	busco	tr|B2AEZ4|B2AEZ4_PODAN	not_novel	tn	
NEG_BUSCO04	negative	core	busco	tr|F7VS92|F7VS92_SORMK	not_novel	tn	
NEG_BUSCO05	negative	core	busco	tr|F7W1A4|F7W1A4_SORMK	not_novel	tn	
NEG_BUSCO06	negative	core	busco	tr|B2AT65|B2AT65_PODAN	not_novel	tn	
NEG_BUSCO07	negative	core	busco	tr|Q7SH99|Q7SH99_NEUCR	not_novel	tn	
NEG_BUSCO08	negative	core	busco	tr|Q1K5V9|Q1K5V9_NEUCR	not_novel	tn	
