protein_id	clade02	clade01	clade04	clade03	clade06	clade05	clade08	clade07
EHM034674|EHA02355_bin.24_gene_100_2	0	0	0	0	0	0	0	0
EHM034674|EHA02355_bin.24_gene_114_2	0	0	0	0	0	0	0	0
EHM034674|EHA02355_bin.24_gene_114_3	0	0	0	0	0	0	0	0
EHM034674|EHA02355_bin.24_gene_114_4	0	0	0	0	0	0	0	0
EHM034674|EHA02355_bin.24_gene_114_5	0	0	0	0	0	0	0	0
EHM034674|EHA02355_bin.24_gene_114_6	0	0	0	0	0	0	0	0
EHM034674|EHA02355_bin.24_gene_114_7	0	0	0	0	0	0	0	0
EHM034674|EHA02355_bin.24_gene_116_2	1	1	1	1	1	1	1	1
EHM034674|EHA02355_bin.24_gene_116_3	0	0	0	0	0	0	0	0
EHM034674|EHA02355_bin.24_gene_117_2	1	1	1	1	1	1	1	1
EHM034674|EHA02355_bin.24_gene_119_13	0	0	0	0	0	0	0	0
EHM034674|EHA02355_bin.24_gene_119_6	0	1	0	0	0	0	1	0
EHM034674|EHA02355_bin.24_gene_123_8	0	0	0	0	0	0	0	0
EHM034674|EHA02355_bin.24_gene_128_12	0	0	0	0	0	0	0	0
EHM034674|EHA02355_bin.24_gene_12_2	1	1	0	0	1	1	0	0
EHM034674|EHA02355_bin.24_gene_131_12	0	0	0	0	0	0	0	0
EHM034674|EHA02355_bin.24_gene_131_14	0	0	0	0	0	0	0	0
EHM034674|EHA02355_bin.24_gene_131_15	1	1	1	1	1	1	1	1
EHM034674|EHA02355_bin.24_gene_139_12	0	1	1	1	1	1	0	1
EHM034674|EHA02355_bin.24_gene_139_6	0	0	0	0	0	0	0	0
EHM034674|EHA02355_bin.24_gene_13_1	0	0	0	0	0	0	0	1
EHM034674|EHA02355_bin.24_gene_140_2	0	0	0	0	0	0	0	0
EHM034674|EHA02355_bin.24_gene_140_3	0	0	0	0	0	0	0	0
EHM034674|EHA02355_bin.24_gene_140_7	1	0	1	0	0	0	1	0
EHM034674|EHA02355_bin.24_gene_146_2	1	1	1	1	1	1	0	0
EHM034674|EHA02355_bin.24_gene_153_6	1	1	1	1	1	1	1	1
EHM034674|EHA02355_bin.24_gene_154_13	0	0	0	0	1	1	0	0
EHM034674|EHA02355_bin.24_gene_154_3	1	1	0	0	1	1	0	0
EHM034674|EHA02355_bin.24_gene_156_1	0	0	0	0	0	0	0	0
EHM034674|EHA02355_bin.24_gene_156_7	0	0	0	0	0	0	0	0
EHM034674|EHA02355_bin.24_gene_158_6	0	0	0	0	0	0	0	0
EHM034674|EHA02355_bin.24_gene_161_4	0	0	0	0	0	0	0	0
EHM034674|EHA02355_bin.24_gene_164_2	0	1	0	0	0	0	0	0
EHM034674|EHA02355_bin.24_gene_173_9	0	0	0	0	0	0	0	0
EHM034674|EHA02355_bin.24_gene_175_3	1	1	1	1	1	1	1	1
EHM034674|EHA02355_bin.24_gene_176_12	0	0	0	0	0	0	0	0
EHM034674|EHA02355_bin.24_gene_177_17	0	0	0	0	0	0	0	0
EHM034674|EHA02355_bin.24_gene_177_18	0	0	0	0	1	1	0	0
EHM034674|EHA02355_bin.24_gene_177_9	0	0	0	0	0	0	0	1
EHM034674|EHA02355_bin.24_gene_183_5	0	0	0	0	0	0	0	0
EHM034674|EHA02355_bin.24_gene_183_8	1	1	1	1	1	1	1	1
EHM034674|EHA02355_bin.24_gene_186_1	0	0	0	0	0	1	0	0
EHM034674|EHA02355_bin.24_gene_191_1	0	1	1	1	1	1	0	0
EHM034674|EHA02355_bin.24_gene_193_5	0	0	0	0	0	0	0	0
EHM034674|EHA02355_bin.24_gene_194_2	1	1	0	0	0	1	0	0
EHM034674|EHA02355_bin.24_gene_194_6	0	0	0	0	0	0	0	0
EHM034674|EHA02355_bin.24_gene_1_4	0	0	0	0	0	0	0	0
EHM034674|EHA02355_bin.24_gene_202_2	0	0	0	0	0	0	0	0
EHM034674|EHA02355_bin.24_gene_207_1	1	0	0	0	0	1	0	0
EHM034674|EHA02355_bin.24_gene_209_20	0	0	0	0	0	0	0	0
EHM034674|EHA02355_bin.24_gene_214_7	0	1	0	0	0	1	0	0
EHM034674|EHA02355_bin.24_gene_215_3	0	0	0	0	0	0	0	0
EHM034674|EHA02355_bin.24_gene_217_2	0	0	0	0	1	0	0	0
EHM034674|EHA02355_bin.24_gene_220_1	0	1	0	0	0	0	0	0
EHM034674|EHA02355_bin.24_gene_222_11	0	0	0	1	0	0	0	0
EHM034674|EHA02355_bin.24_gene_222_2	0	0	0	0	0	0	0	0
EHM034674|EHA02355_bin.24_gene_222_7	1	1	1	1	1	1	1	1
EHM034674|EHA02355_bin.24_gene_223_9	1	0	0	1	0	0	1	0
EHM034674|EHA02355_bin.24_gene_227_4	0	0	0	0	0	0	0	0
EHM034674|EHA02355_bin.24_gene_227_5	1	1	1	1	1	1	1	1
EHM034674|EHA02355_bin.24_gene_233_4	1	0	1	1	1	1	1	1
EHM034674|EHA02355_bin.24_gene_236_3	0	0	1	1	1	1	1	0
EHM034674|EHA02355_bin.24_gene_23_2	0	0	1	0	0	0	1	0
EHM034674|EHA02355_bin.24_gene_23_3	1	1	0	0	1	1	0	0
EHM034674|EHA02355_bin.24_gene_242_3	0	0	0	0	0	0	0	0
EHM034674|EHA02355_bin.24_gene_247_7	0	1	1	1	0	1	1	0
EHM034674|EHA02355_bin.24_gene_251_1	1	1	1	1	1	1	1	1
EHM034674|EHA02355_bin.24_gene_251_3	1	1	1	1	1	1	0	1
EHM034674|EHA02355_bin.24_gene_251_4	0	0	0	0	0	0	0	0
EHM034674|EHA02355_bin.24_gene_253_19	0	0	0	0	0	0	0	0
EHM034674|EHA02355_bin.24_gene_253_3	0	0	0	0	0	0	0	0
EHM034674|EHA02355_bin.24_gene_254_3	0	0	0	0	0	0	0	0
EHM034674|EHA02355_bin.24_gene_259_3	0	0	0	0	1	1	0	0
EHM034674|EHA02355_bin.24_gene_262_6	0	0	0	0	1	0	0	0
EHM034674|EHA02355_bin.24_gene_267_1	0	0	0	0	0	1	0	0
EHM034674|EHA02355_bin.24_gene_271_10	1	1	1	1	1	1	1	1
EHM034674|EHA02355_bin.24_gene_27_1	0	0	0	1	0	0	1	1
EHM034674|EHA02355_bin.24_gene_282_5	1	1	1	0	1	1	1	1
EHM034674|EHA02355_bin.24_gene_284_3	1	0	0	0	0	0	0	0
EHM034674|EHA02355_bin.24_gene_289_7	1	1	1	1	1	1	1	1
EHM034674|EHA02355_bin.24_gene_294_3	0	1	1	0	1	1	1	1
EHM034674|EHA02355_bin.24_gene_296_14	0	0	0	0	0	0	0	0
EHM034674|EHA02355_bin.24_gene_29_1	1	1	1	1	1	1	1	1
EHM034674|EHA02355_bin.24_gene_302_1	1	1	1	1	1	1	1	1
EHM034674|EHA02355_bin.24_gene_303_4	1	0	0	0	0	0	0	0
EHM034674|EHA02355_bin.24_gene_306_2	1	1	0	0	0	0	1	1
EHM034674|EHA02355_bin.24_gene_309_3	0	0	0	0	1	1	0	0
EHM034674|EHA02355_bin.24_gene_312_16	1	1	0	0	1	0	0	0
EHM034674|EHA02355_bin.24_gene_312_7	0	0	0	0	0	0	0	0
EHM034674|EHA02355_bin.24_gene_318_6	0	0	0	0	0	0	0	0
EHM034674|EHA02355_bin.24_gene_321_7	1	1	1	0	1	0	1	1
EHM034674|EHA02355_bin.24_gene_324_3	0	0	0	0	0	0	0	0
EHM034674|EHA02355_bin.24_gene_326_2	0	0	0	0	0	0	0	0
EHM034674|EHA02355_bin.24_gene_327_1	0	1	0	0	1	1	0	1
EHM034674|EHA02355_bin.24_gene_342_3	0	0	0	0	0	0	0	0
EHM034674|EHA02355_bin.24_gene_345_9	0	0	0	0	0	0	0	0
EHM034674|EHA02355_bin.24_gene_347_6	0	1	0	0	1	1	0	0
EHM034674|EHA02355_bin.24_gene_34_1	1	1	1	1	1	1	1	1
EHM034674|EHA02355_bin.24_gene_355_10	0	0	0	0	0	0	0	0
EHM034674|EHA02355_bin.24_gene_35_1	0	1	1	1	1	1	1	1
EHM034674|EHA02355_bin.24_gene_363_1	0	0	0	0	0	0	0	0
EHM034674|EHA02355_bin.24_gene_365_4	0	0	0	0	0	0	0	0
EHM034674|EHA02355_bin.24_gene_36_4	0	0	0	0	0	0	0	0
EHM034674|EHA02355_bin.24_gene_370_8	0	0	0	0	0	0	0	0
EHM034674|EHA02355_bin.24_gene_371_2	1	0	0	1	1	1	0	0
EHM034674|EHA02355_bin.24_gene_382_2	1	1	0	0	1	1	0	1
EHM034674|EHA02355_bin.24_gene_38_3	1	0	1	1	0	0	0	0
EHM034674|EHA02355_bin.24_gene_39_25	0	0	0	0	0	0	0	0
EHM034674|EHA02355_bin.24_gene_3_4	0	0	0	0	0	0	0	0
EHM034674|EHA02355_bin.24_gene_41_5	0	0	0	0	0	0	0	0
EHM034674|EHA02355_bin.24_gene_43_5	0	0	0	0	1	0	0	0
EHM034674|EHA02355_bin.24_gene_45_1	0	0	0	0	0	0	0	0
EHM034674|EHA02355_bin.24_gene_45_2	0	0	0	0	0	0	0	0
EHM034674|EHA02355_bin.24_gene_45_4	1	1	0	0	1	1	1	1
EHM034674|EHA02355_bin.24_gene_58_10	0	0	0	0	0	0	0	0
EHM034674|EHA02355_bin.24_gene_58_23	0	0	0	0	0	0	0	0
EHM034674|EHA02355_bin.24_gene_58_9	0	0	0	0	0	0	0	0
EHM034674|EHA02355_bin.24_gene_62_1	0	0	0	0	0	0	0	0
EHM034674|EHA02355_bin.24_gene_65_24	1	1	0	0	1	0	0	0
EHM034674|EHA02355_bin.24_gene_66_8	0	0	0	0	0	0	0	0
EHM034674|EHA02355_bin.24_gene_68_15	1	0	1	1	1	0	1	1
EHM034674|EHA02355_bin.24_gene_75_1	0	0	0	0	0	0	0	0
EHM034674|EHA02355_bin.24_gene_75_8	0	1	1	1	0	1	1	0
EHM034674|EHA02355_bin.24_gene_80_3	0	0	0	1	0	0	0	0
EHM034674|EHA02355_bin.24_gene_82_2	0	0	0	0	0	0	0	0
EHM034674|EHA02355_bin.24_gene_83_6	1	1	1	1	1	1	1	1
EHM034674|EHA02355_bin.24_gene_86_8	0	0	0	0	0	0	0	0
EHM034674|EHA02355_bin.24_gene_92_7	0	0	0	1	0	0	0	1
EHM034674|EHA02355_bin.24_gene_96_26	1	1	1	1	1	1	1	1
EHM034692|EHA02331_bin.15_gene_0_6	1	0	1	1	1	1	1	1
EHM034692|EHA02331_bin.15_gene_102_6	0	0	0	0	0	0	0	0
EHM034692|EHA02331_bin.15_gene_103_8	1	1	1	1	1	1	1	1
EHM034692|EHA02331_bin.15_gene_106_8	1	1	0	0	0	0	1	1
EHM034692|EHA02331_bin.15_gene_107_7	0	1	1	0	1	0	0	0
EHM034692|EHA02331_bin.15_gene_108_4	0	1	1	1	1	0	1	1
EHM034692|EHA02331_bin.15_gene_109_1	0	1	1	1	1	1	0	1
EHM034692|EHA02331_bin.15_gene_113_5	1	0	0	0	0	0	0	0
EHM034692|EHA02331_bin.15_gene_113_6	1	1	0	0	1	1	0	0
EHM034692|EHA02331_bin.15_gene_123_5	0	0	0	0	0	0	0	0
EHM034692|EHA02331_bin.15_gene_134_2	1	0	0	1	1	1	0	0
EHM034692|EHA02331_bin.15_gene_135_1	0	0	0	0	0	0	0	0
EHM034692|EHA02331_bin.15_gene_136_14	0	0	0	0	0	0	0	0
EHM034692|EHA02331_bin.15_gene_136_15	0	0	0	0	0	0	0	0
EHM034692|EHA02331_bin.15_gene_137_15	0	0	0	0	0	0	0	0
EHM034692|EHA02331_bin.15_gene_13_11	1	0	0	0	0	0	0	0
EHM034692|EHA02331_bin.15_gene_140_1	0	0	0	0	0	0	0	0
EHM034692|EHA02331_bin.15_gene_142_19	0	0	0	0	0	0	0	0
EHM034692|EHA02331_bin.15_gene_142_3	0	0	0	1	0	0	0	0
EHM034692|EHA02331_bin.15_gene_149_7	0	1	0	0	0	1	0	0
EHM034692|EHA02331_bin.15_gene_14_2	0	0	0	0	0	0	0	0
EHM034692|EHA02331_bin.15_gene_150_6	0	0	0	0	0	0	0	0
EHM034692|EHA02331_bin.15_gene_156_10	1	1	0	0	0	1	0	0
EHM034692|EHA02331_bin.15_gene_166_2	0	0	0	0	0	0	0	0
EHM034692|EHA02331_bin.15_gene_166_4	0	0	0	0	0	0	0	0
EHM034692|EHA02331_bin.15_gene_166_5	1	1	1	1	1	1	1	1
EHM034692|EHA02331_bin.15_gene_167_9	0	0	0	0	0	0	0	0
EHM034692|EHA02331_bin.15_gene_169_10	0	0	0	0	0	0	0	0
EHM034692|EHA02331_bin.15_gene_169_36	0	0	0	0	0	0	0	0
EHM034692|EHA02331_bin.15_gene_171_4	1	1	1	1	1	1	1	1
EHM034692|EHA02331_bin.15_gene_173_7	0	1	1	1	1	1	0	0
EHM034692|EHA02331_bin.15_gene_179_2	0	0	0	0	0	0	0	0
EHM034692|EHA02331_bin.15_gene_194_1	0	0	0	0	0	0	0	0
EHM034692|EHA02331_bin.15_gene_194_14	1	1	0	0	1	1	0	0
EHM034692|EHA02331_bin.15_gene_199_29	1	1	1	1	1	1	1	1
EHM034692|EHA02331_bin.15_gene_199_7	0	1	0	0	0	0	0	0
EHM034692|EHA02331_bin.15_gene_19_3	0	1	0	0	0	0	1	0
EHM034692|EHA02331_bin.15_gene_201_10	0	0	0	0	0	0	0	0
EHM034692|EHA02331_bin.15_gene_206_18	1	1	0	0	1	1	0	0
EHM034692|EHA02331_bin.15_gene_208_4	0	0	0	0	0	0	0	0
EHM034692|EHA02331_bin.15_gene_211_7	1	1	1	1	1	1	1	1
EHM034692|EHA02331_bin.15_gene_212_4	1	1	1	0	1	0	1	1
EHM034692|EHA02331_bin.15_gene_214_14	1	1	1	0	1	1	1	1
EHM034692|EHA02331_bin.15_gene_214_2	0	0	0	0	0	0	0	0
EHM034692|EHA02331_bin.15_gene_215_7	0	0	0	0	0	0	0	0
EHM034692|EHA02331_bin.15_gene_219_1	0	0	0	0	0	0	0	0
EHM034692|EHA02331_bin.15_gene_219_2	0	0	0	0	0	0	0	0
EHM034692|EHA02331_bin.15_gene_219_3	0	0	0	0	0	0	0	0
EHM034692|EHA02331_bin.15_gene_21_1	1	1	0	0	1	1	0	0
EHM034692|EHA02331_bin.15_gene_21_9	0	0	0	0	0	0	0	0
EHM034692|EHA02331_bin.15_gene_221_12	0	0	0	0	0	0	0	0
EHM034692|EHA02331_bin.15_gene_226_3	0	0	0	0	1	1	0	0
EHM034692|EHA02331_bin.15_gene_229_4	1	1	1	1	1	1	1	1
EHM034692|EHA02331_bin.15_gene_229_5	0	0	0	0	0	0	0	0
EHM034692|EHA02331_bin.15_gene_232_26	0	0	0	0	0	0	0	0
EHM034692|EHA02331_bin.15_gene_232_34	1	1	1	1	1	1	1	1
EHM034692|EHA02331_bin.15_gene_232_4	0	1	0	0	1	1	0	0
EHM034692|EHA02331_bin.15_gene_236_2	0	0	0	0	1	0	0	0
EHM034692|EHA02331_bin.15_gene_241_18	1	1	1	1	1	1	1	1
EHM034692|EHA02331_bin.15_gene_241_7	0	0	0	1	0	0	0	1
EHM034692|EHA02331_bin.15_gene_244_8	0	0	0	0	0	0	0	0
EHM034692|EHA02331_bin.15_gene_245_13	0	0	0	0	0	0	0	0
EHM034692|EHA02331_bin.15_gene_245_37	0	0	0	0	1	1	0	0
EHM034692|EHA02331_bin.15_gene_246_2	0	0	0	0	0	0	0	0
EHM034692|EHA02331_bin.15_gene_248_4	1	1	1	1	1	1	1	1
EHM034692|EHA02331_bin.15_gene_24_26	0	0	0	0	0	0	0	0
EHM034692|EHA02331_bin.15_gene_24_3	0	0	0	0	0	0	0	0
EHM034692|EHA02331_bin.15_gene_251_2	0	0	0	0	0	0	0	0
EHM034692|EHA02331_bin.15_gene_251_3	0	0	0	0	0	0	0	0
EHM034692|EHA02331_bin.15_gene_252_3	1	1	0	0	1	1	0	0
EHM034692|EHA02331_bin.15_gene_255_7	0	0	0	0	0	0	0	0
EHM034692|EHA02331_bin.15_gene_258_3	1	1	1	1	1	1	1	1
EHM034692|EHA02331_bin.15_gene_259_8	0	0	0	0	0	0	0	0
EHM034692|EHA02331_bin.15_gene_261_2	0	0	0	0	0	0	0	0
EHM034692|EHA02331_bin.15_gene_261_3	0	0	0	0	0	0	0	0
EHM034692|EHA02331_bin.15_gene_261_4	0	0	0	0	0	0	0	0
EHM034692|EHA02331_bin.15_gene_261_5	0	0	0	0	0	0	0	0
EHM034692|EHA02331_bin.15_gene_266_1	0	0	0	0	0	0	0	0
EHM034692|EHA02331_bin.15_gene_268_11	0	1	1	1	0	1	1	0
EHM034692|EHA02331_bin.15_gene_268_17	0	0	0	0	0	0	0	0
EHM034692|EHA02331_bin.15_gene_268_2	0	0	0	0	0	0	0	0
EHM034692|EHA02331_bin.15_gene_278_6	0	0	0	0	1	0	0	0
EHM034692|EHA02331_bin.15_gene_278_7	1	1	1	0	1	1	1	1
EHM034692|EHA02331_bin.15_gene_279_2	1	1	0	0	1	1	1	1
EHM034692|EHA02331_bin.15_gene_284_12	0	0	0	0	0	0	0	0
EHM034692|EHA02331_bin.15_gene_284_13	1	1	1	1	1	1	0	1
EHM034692|EHA02331_bin.15_gene_286_3	0	0	0	0	1	0	0	0
EHM034692|EHA02331_bin.15_gene_288_5	0	1	1	1	1	1	1	1
EHM034692|EHA02331_bin.15_gene_28_3	0	1	1	0	1	1	1	1
EHM034692|EHA02331_bin.15_gene_35_1	0	0	0	0	0	0	0	0
EHM034692|EHA02331_bin.15_gene_36_2	0	0	0	0	0	0	0	0
EHM034692|EHA02331_bin.15_gene_40_1	1	1	0	1	1	1	0	0
EHM034692|EHA02331_bin.15_gene_48_1	0	0	0	0	0	0	0	0
EHM034692|EHA02331_bin.15_gene_52_2	0	0	0	0	0	0	0	0
EHM034692|EHA02331_bin.15_gene_53_9	1	0	1	1	1	0	1	1
EHM034692|EHA02331_bin.15_gene_55_2	0	0	0	0	0	0	0	0
EHM034692|EHA02331_bin.15_gene_55_3	0	0	0	0	0	0	0	0
EHM034692|EHA02331_bin.15_gene_55_33	1	1	1	1	1	1	1	1
EHM034692|EHA02331_bin.15_gene_58_4	0	0	0	0	1	0	0	0
EHM034692|EHA02331_bin.15_gene_62_12	0	0	0	0	0	0	0	0
EHM034692|EHA02331_bin.15_gene_62_26	0	0	0	0	0	0	0	0
EHM034692|EHA02331_bin.15_gene_62_37	1	1	0	0	1	0	0	0
EHM034692|EHA02331_bin.15_gene_62_52	1	1	1	1	1	1	1	1
EHM034692|EHA02331_bin.15_gene_63_1	0	0	0	0	0	0	0	0
EHM034692|EHA02331_bin.15_gene_67_2	0	0	0	0	0	0	0	0
EHM034692|EHA02331_bin.15_gene_69_1	1	0	0	1	1	1	1	1
EHM034692|EHA02331_bin.15_gene_71_3	1	1	1	1	1	1	1	1
EHM034692|EHA02331_bin.15_gene_71_8	0	0	0	0	0	0	0	0
EHM034692|EHA02331_bin.15_gene_71_9	0	1	1	1	0	0	1	0
EHM034692|EHA02331_bin.15_gene_73_6	0	0	0	0	0	0	0	0
EHM034692|EHA02331_bin.15_gene_7_5	0	0	0	0	0	0	0	0
EHM034692|EHA02331_bin.15_gene_87_13	0	0	0	0	0	0	0	0
EHM034692|EHA02331_bin.15_gene_87_2	1	1	1	1	1	1	1	1
EHM034692|EHA02331_bin.15_gene_87_23	0	1	1	1	1	1	1	1
EHM034692|EHA02331_bin.15_gene_87_31	0	0	0	0	0	0	0	0
EHM034692|EHA02331_bin.15_gene_89_16	0	0	0	0	0	0	0	0
EHM034692|EHA02331_bin.15_gene_98_12	0	0	0	0	0	0	0	0
EHM034692|EHA02331_bin.15_gene_98_13	0	0	0	0	0	0	0	0
EHM034692|EHA02331_bin.15_gene_98_7	1	0	1	0	0	0	1	0
EHM034720|EHA02359_bin.2_gene_0_1	0	0	0	0	0	1	0	0
EHM034720|EHA02359_bin.2_gene_103_7	1	1	1	1	1	0	0	1
EHM034720|EHA02359_bin.2_gene_106_4	1	1	1	1	1	1	1	1
EHM034720|EHA02359_bin.2_gene_10_2	1	1	0	0	1	1	0	0
EHM034720|EHA02359_bin.2_gene_113_10	0	1	0	0	1	1	0	0
EHM034720|EHA02359_bin.2_gene_113_15	0	0	0	0	0	0	0	0
EHM034720|EHA02359_bin.2_gene_113_5	0	0	0	0	0	0	0	0
EHM034720|EHA02359_bin.2_gene_118_2	1	0	0	0	0	0	0	0
EHM034720|EHA02359_bin.2_gene_120_3	1	1	1	1	1	1	1	1
EHM034720|EHA02359_bin.2_gene_121_5	0	0	0	0	0	0	0	0
EHM034720|EHA02359_bin.2_gene_122_1	0	0	0	0	0	0	0	0
EHM034720|EHA02359_bin.2_gene_122_2	1	1	1	1	1	1	1	1
EHM034720|EHA02359_bin.2_gene_128_5	0	0	0	0	1	0	0	0
EHM034720|EHA02359_bin.2_gene_128_6	1	1	0	0	1	1	0	0
EHM034720|EHA02359_bin.2_gene_12_8	0	1	1	0	1	0	0	0
EHM034720|EHA02359_bin.2_gene_133_2	0	0	0	0	0	0	0	0
EHM034720|EHA02359_bin.2_gene_134_3	0	0	0	0	0	0	0	0
EHM034720|EHA02359_bin.2_gene_134_4	0	0	0	0	0	0	0	0
EHM034720|EHA02359_bin.2_gene_135_4	1	1	0	0	0	1	1	1
EHM034720|EHA02359_bin.2_gene_136_3	1	1	1	1	0	0	0	1
EHM034720|EHA02359_bin.2_gene_137_9	0	0	0	0	0	0	0	0
EHM034720|EHA02359_bin.2_gene_141_1	0	1	1	0	1	1	1	1
EHM034720|EHA02359_bin.2_gene_143_4	1	1	1	1	0	1	1	1
EHM034720|EHA02359_bin.2_gene_150_11	1	0	0	1	1	1	0	0
EHM034720|EHA02359_bin.2_gene_151_2	0	0	0	0	0	0	0	0
EHM034720|EHA02359_bin.2_gene_152_8	0	0	0	0	0	0	0	0
EHM034720|EHA02359_bin.2_gene_153_1	0	0	0	0	0	0	0	0
EHM034720|EHA02359_bin.2_gene_156_5	1	1	0	0	0	0	1	1
EHM034720|EHA02359_bin.2_gene_167_1	0	0	1	1	1	1	1	0
EHM034720|EHA02359_bin.2_gene_171_5	1	0	0	0	1	1	0	0
EHM034720|EHA02359_bin.2_gene_179_1	0	1	0	0	0	0	0	0
EHM034720|EHA02359_bin.2_gene_184_8	0	0	0	1	0	0	0	0
EHM034720|EHA02359_bin.2_gene_186_16	0	0	0	0	0	0	0	0
EHM034720|EHA02359_bin.2_gene_186_5	0	0	0	0	0	0	0	0
EHM034720|EHA02359_bin.2_gene_186_6	0	0	0	0	0	0	0	0
EHM034720|EHA02359_bin.2_gene_186_7	0	0	0	0	0	0	0	0
EHM034720|EHA02359_bin.2_gene_189_1	1	1	1	0	1	1	1	0
EHM034720|EHA02359_bin.2_gene_18_3	1	0	1	1	1	1	1	1
EHM034720|EHA02359_bin.2_gene_190_13	0	0	0	0	0	0	0	0
EHM034720|EHA02359_bin.2_gene_190_8	0	0	0	0	0	0	0	0
EHM034720|EHA02359_bin.2_gene_194_1	0	1	0	0	0	1	0	0
EHM034720|EHA02359_bin.2_gene_194_3	0	0	0	0	0	0	0	0
EHM034720|EHA02359_bin.2_gene_196_15	0	0	0	0	0	0	0	0
EHM034720|EHA02359_bin.2_gene_199_16	0	0	0	0	0	1	0	0
EHM034720|EHA02359_bin.2_gene_199_5	0	0	0	0	1	1	0	0
EHM034720|EHA02359_bin.2_gene_199_6	0	0	0	0	0	0	0	0
EHM034720|EHA02359_bin.2_gene_202_1	1	1	0	0	1	1	0	0
EHM034720|EHA02359_bin.2_gene_202_2	1	0	1	0	0	0	1	0
EHM034720|EHA02359_bin.2_gene_206_5	1	1	1	0	1	0	1	1
EHM034720|EHA02359_bin.2_gene_209_14	0	0	0	0	0	0	0	0
EHM034720|EHA02359_bin.2_gene_209_8	0	0	0	0	1	0	0	0
EHM034720|EHA02359_bin.2_gene_217_9	1	1	0	0	0	1	0	0
EHM034720|EHA02359_bin.2_gene_220_15	1	1	1	1	1	1	1	1
EHM034720|EHA02359_bin.2_gene_220_29	0	1	0	0	1	0	0	0
EHM034720|EHA02359_bin.2_gene_221_4	0	0	0	0	0	0	0	0
EHM034720|EHA02359_bin.2_gene_221_5	0	0	0	0	0	0	0	0
EHM034720|EHA02359_bin.2_gene_233_4	0	0	0	0	0	0	0	0
EHM034720|EHA02359_bin.2_gene_236_5	0	0	0	0	1	1	0	0
EHM034720|EHA02359_bin.2_gene_244_5	1	1	1	1	1	1	1	1
EHM034720|EHA02359_bin.2_gene_247_4	0	0	0	0	0	0	0	0
EHM034720|EHA02359_bin.2_gene_250_1	0	0	0	0	0	0	0	0
EHM034720|EHA02359_bin.2_gene_253_2	1	0	1	1	1	0	1	1
EHM034720|EHA02359_bin.2_gene_254_19	0	0	0	0	0	0	0	0
EHM034720|EHA02359_bin.2_gene_254_20	0	0	0	0	0	0	0	0
EHM034720|EHA02359_bin.2_gene_255_15	0	1	1	1	1	0	1	1
EHM034720|EHA02359_bin.2_gene_256_9	0	0	0	0	1	0	0	0
EHM034720|EHA02359_bin.2_gene_2_2	0	1	0	0	0	1	0	0
EHM034720|EHA02359_bin.2_gene_2_6	1	1	0	0	1	1	0	0
EHM034720|EHA02359_bin.2_gene_32_2	1	1	1	1	1	1	1	1
EHM034720|EHA02359_bin.2_gene_33_2	0	0	0	0	0	0	0	0
EHM034720|EHA02359_bin.2_gene_33_3	0	0	0	0	0	0	0	0
EHM034720|EHA02359_bin.2_gene_3_6	1	1	0	0	1	1	0	0
EHM034720|EHA02359_bin.2_gene_41_1	0	1	1	1	1	1	0	0
EHM034720|EHA02359_bin.2_gene_46_1	1	1	0	0	0	0	0	0
EHM034720|EHA02359_bin.2_gene_46_5	0	0	0	0	0	0	0	0
EHM034720|EHA02359_bin.2_gene_4_20	0	1	1	0	1	0	1	0
EHM034720|EHA02359_bin.2_gene_4_8	1	1	0	0	1	1	0	1
EHM034720|EHA02359_bin.2_gene_53_8	0	0	0	0	0	0	0	0
EHM034720|EHA02359_bin.2_gene_55_23	0	0	0	0	1	1	0	0
EHM034720|EHA02359_bin.2_gene_56_3	0	0	0	0	0	0	0	0
EHM034720|EHA02359_bin.2_gene_56_8	0	0	0	0	0	0	0	0
EHM034720|EHA02359_bin.2_gene_56_9	0	0	0	0	0	0	0	0
EHM034720|EHA02359_bin.2_gene_57_3	0	0	0	0	0	0	0	0
EHM034720|EHA02359_bin.2_gene_58_10	1	1	0	0	1	1	1	0
EHM034720|EHA02359_bin.2_gene_69_3	1	1	1	1	1	1	1	1
EHM034720|EHA02359_bin.2_gene_70_4	0	0	0	0	0	0	0	0
EHM034720|EHA02359_bin.2_gene_76_10	0	0	0	0	0	0	0	0
EHM034720|EHA02359_bin.2_gene_76_19	0	0	0	0	0	0	0	0
EHM034720|EHA02359_bin.2_gene_76_21	0	0	0	0	0	0	0	0
EHM034720|EHA02359_bin.2_gene_76_3	0	0	0	0	0	0	0	0
EHM034720|EHA02359_bin.2_gene_76_4	0	0	0	0	0	0	0	0
EHM034720|EHA02359_bin.2_gene_76_5	0	0	0	0	0	0	0	0
EHM034720|EHA02359_bin.2_gene_76_6	0	0	0	0	0	0	0	0
EHM034720|EHA02359_bin.2_gene_76_7	0	0	0	0	0	0	0	0
EHM034720|EHA02359_bin.2_gene_79_3	1	1	1	1	1	1	1	1
EHM034720|EHA02359_bin.2_gene_7_20	1	1	1	1	1	1	1	1
EHM034720|EHA02359_bin.2_gene_7_8	0	0	0	0	0	0	0	0
EHM034720|EHA02359_bin.2_gene_81_14	1	0	0	0	0	1	0	0
EHM034720|EHA02359_bin.2_gene_81_4	0	0	0	0	0	0	0	0
EHM034720|EHA02359_bin.2_gene_92_1	1	1	1	1	1	1	1	1
EHM034720|EHA02359_bin.2_gene_92_2	1	1	1	1	1	1	1	1
EHM034720|EHA02359_bin.2_gene_94_28	1	1	0	0	1	0	0	0
EHM034720|EHA02359_bin.2_gene_94_29	0	0	0	0	1	0	0	0
EHM034720|EHA02359_bin.2_gene_97_2	0	0	0	0	0	0	0	0
EHM034720|EHA02359_bin.2_gene_97_3	0	0	0	0	1	1	0	0
STP248.12601_R.bin.118|k141_129934_100	0	1	0	0	0	1	0	0
STP248.12601_R.bin.118|k141_129934_107	1	1	0	0	0	0	0	0
STP248.12601_R.bin.118|k141_129934_110	1	1	0	1	0	0	0	0
STP248.12601_R.bin.118|k141_129934_115	0	0	0	0	0	0	0	0
STP248.12601_R.bin.118|k141_129934_20	0	0	0	0	0	0	0	0
STP248.12601_R.bin.118|k141_129934_31	1	1	1	0	1	1	1	1
STP248.12601_R.bin.118|k141_129934_82	0	1	1	1	1	0	1	1
STP248.12601_R.bin.118|k141_129934_91	0	0	0	0	0	0	0	0
STP248.12601_R.bin.118|k141_129934_92	0	0	0	0	0	0	0	0
STP248.12601_R.bin.118|k141_417709_118	0	1	0	0	0	1	0	0
STP248.12601_R.bin.118|k141_417709_123	1	1	1	1	1	1	1	1
STP248.12601_R.bin.118|k141_417709_49	1	1	0	0	1	1	0	1
STP248.12601_R.bin.118|k141_417709_68	0	0	0	0	1	1	0	0
STP248.12601_R.bin.118|k141_435317_26	1	1	1	1	1	1	1	1
STP248.12601_R.bin.118|k141_435317_9	1	1	1	1	1	1	1	1
STP248.12601_R.bin.118|k141_465240_11	1	0	0	0	1	0	0	0
STP248.12601_R.bin.118|k141_465240_110	1	1	1	1	1	1	1	1
STP248.12601_R.bin.118|k141_465240_2	1	1	1	1	1	1	1	1
STP248.12601_R.bin.118|k141_465240_36	0	0	0	0	0	0	0	0
STP248.12601_R.bin.118|k141_465240_8	0	0	0	0	0	0	0	0
STP248.12601_R.bin.118|k141_465240_9	0	0	0	0	0	0	0	0
STP248.12601_R.bin.118|k141_483842_16	0	0	0	0	0	0	0	0
STP248.12601_R.bin.118|k141_483842_34	0	1	0	0	1	0	1	0
STP248.12601_R.bin.118|k141_483842_37	0	0	0	0	0	0	0	0
STP248.12601_R.bin.118|k141_500071_4	0	0	0	0	1	1	0	0
STP248.12601_R.bin.118|k141_505779_68	1	1	1	0	1	0	1	1
STP248.12601_R.bin.118|k141_520429_36	0	0	0	0	0	0	0	0
STP248.12601_R.bin.118|k141_520429_37	1	1	1	0	1	1	0	1
STP248.12601_R.bin.118|k141_540405_121	1	1	0	0	1	1	0	0
STP248.12601_R.bin.118|k141_540405_132	1	1	0	0	0	1	0	0
STP248.12601_R.bin.118|k141_540405_141	1	1	1	1	1	1	1	1
STP248.12601_R.bin.118|k141_540405_173	0	1	0	0	1	0	1	0
STP248.12601_R.bin.118|k141_540405_186	1	0	0	0	0	0	0	0
STP248.12601_R.bin.118|k141_540405_40	0	0	0	0	0	0	0	0
STP248.12601_R.bin.118|k141_540405_48	0	0	0	0	0	0	0	0
STP248.12601_R.bin.118|k141_540405_50	0	0	0	0	0	0	0	0
STP248.12601_R.bin.118|k141_540405_51	0	0	0	0	0	0	0	0
STP248.12601_R.bin.118|k141_540405_52	0	0	0	0	0	0	0	0
STP248.12601_R.bin.118|k141_540405_53	0	0	0	0	0	0	0	0
STP248.12601_R.bin.118|k141_540405_54	0	0	0	0	0	0	0	0
STP248.12601_R.bin.118|k141_540405_57	0	0	0	0	0	0	0	0
STP248.12601_R.bin.118|k141_540405_63	0	1	1	1	1	1	0	0
STP248.12601_R.bin.118|k141_540405_79	0	0	0	0	1	1	0	0
STP248.12601_R.bin.118|k141_540405_86	0	0	0	0	0	0	0	0
STP248.12601_R.bin.118|k141_540405_90	0	1	1	0	1	0	0	0
STP248.12601_R.bin.118|k141_540405_93	0	1	1	1	1	1	1	1
STP248.12601_R.bin.118|k141_556585_6	1	0	1	1	1	1	1	1
STP248.12601_R.bin.118|k141_557158_38	1	1	1	1	1	1	1	1
STP248.12601_R.bin.118|k141_557158_46	0	0	0	0	1	0	0	0
STP248.12601_R.bin.118|k141_563334_30	0	0	0	0	0	0	0	0
STP248.12601_R.bin.118|k141_588353_110	0	0	0	1	0	0	0	0
STP248.12601_R.bin.118|k141_588353_58	0	0	0	0	1	1	0	0
STP248.12601_R.bin.118|k141_588353_61	1	1	1	1	1	1	1	1
STP248.12601_R.bin.118|k141_588353_77	0	0	0	0	0	0	0	0
STP248.12601_R.bin.118|k141_588353_78	0	0	0	0	1	1	0	0
STP248.12601_R.bin.118|k141_588353_80	0	0	0	0	1	1	0	0
STP248.12601_R.bin.118|k141_588353_82	0	0	0	0	1	1	0	0
STP248.12601_R.bin.118|k141_588353_86	0	0	0	0	0	0	0	0
STP248.12601_R.bin.118|k141_588353_99	0	0	0	0	0	0	0	0
STP248.12601_R.bin.118|k141_589226_26	1	1	0	0	1	1	1	0
STP248.12601_R.bin.118|k141_624970_22	1	0	1	1	1	1	1	1
STP248.12601_R.bin.118|k141_642822_22	0	1	0	1	1	0	1	1
STP248.12601_R.bin.118|k141_642822_6	0	0	0	0	0	0	0	0
STP248.12601_R.bin.118|k141_649852_9	0	0	0	0	1	1	0	0
STP248.12601_R.bin.118|k141_666362_24	0	0	0	0	0	0	0	0
STP248.12601_R.bin.118|k141_70658_11	1	0	0	0	0	0	0	0
STP248.12601_R.bin.118|k141_745868_12	0	0	0	0	0	0	0	0
STP248.12601_R.bin.118|k141_745868_25	0	0	0	0	0	0	0	0
STP248.12601_R.bin.118|k141_745868_29	0	1	1	1	1	1	1	1
STP248.12601_R.bin.118|k141_76108_23	0	0	0	0	0	0	0	0
STP248.12601_R.bin.118|k141_76108_32	1	1	0	0	1	1	0	0
STP248.12601_R.bin.118|k141_769723_105	0	0	0	0	0	1	0	0
STP248.12601_R.bin.118|k141_769723_19	0	1	1	1	1	0	1	1
STP248.12601_R.bin.118|k141_769723_22	0	0	0	0	0	0	0	0
STP248.12601_R.bin.118|k141_769723_53	1	1	1	1	1	1	1	1
STP248.12601_R.bin.118|k141_769723_57	0	0	0	0	0	0	0	0
STP248.12601_R.bin.118|k141_769723_58	0	0	0	0	0	0	0	0
STP248.12601_R.bin.118|k141_769723_73	1	1	1	1	1	1	1	1
STP248.12601_R.bin.118|k141_771786_24	0	1	1	1	1	1	1	1
STP248.12601_R.bin.118|k141_771786_39	0	0	0	0	0	0	0	0
STP248.12601_R.bin.118|k141_772933_22	1	1	1	1	1	1	1	1
STP248.12601_R.bin.118|k141_772933_3	1	0	1	1	1	1	1	1
STP248.12601_R.bin.118|k141_772933_68	0	0	0	0	0	0	0	0
STP248.12601_R.bin.118|k141_786323_30	1	1	1	1	1	1	0	1
STP248.12601_R.bin.118|k141_879507_13	1	1	1	1	1	1	1	1
STP248.12601_R.bin.118|k141_879507_14	1	0	1	0	0	0	1	0
STP248.12601_R.bin.118|k141_879507_8	0	0	0	0	1	0	0	0
STP248.12601_R.bin.118|k141_904984_100	1	1	0	0	0	1	1	1
STP248.12601_R.bin.118|k141_904984_11	1	1	1	1	1	1	1	1
STP248.12601_R.bin.118|k141_904984_20	0	1	1	1	0	1	1	0
STP248.12601_R.bin.118|k141_904984_30	1	1	0	0	0	0	0	0
STP248.12601_R.bin.118|k141_923502_55	0	0	0	0	0	0	0	0
STP248.12601_R.bin.118|k141_923502_65	0	0	0	0	0	0	0	0
STP248.12601_R.bin.118|k141_923502_7	0	0	0	0	0	0	0	0
STP248.12601_R.bin.118|k141_958820_20	0	0	0	0	1	0	0	0
STP248.12601_R.bin.118|k141_958820_53	0	0	0	0	1	0	0	0
STP248.12601_R.bin.118|k141_958820_79	0	0	0	1	0	0	0	0
STP248.12601_R.bin.118|k141_962093_11	1	1	1	1	1	1	1	1
STP248.12601_R.bin.118|k141_962093_21	0	1	0	0	0	0	1	0
STP248.12601_R.bin.118|k141_962093_34	0	0	0	0	0	0	0	0
STP248.12601_R.bin.118|k141_962093_35	0	0	0	0	0	0	0	0
STP248.12601_R.bin.118|k141_962093_4	0	0	0	0	0	0	0	0
STP248.12601_R.bin.118|k141_962093_53	0	0	0	0	0	0	0	0
UHM1073.23039_R.bin.125|k141_114434_16	1	1	1	1	1	1	1	1
UHM1073.23039_R.bin.125|k141_114434_18	0	0	0	0	0	0	0	0
UHM1073.23039_R.bin.125|k141_197029_12	0	0	0	0	0	0	0	0
UHM1073.23039_R.bin.125|k141_197029_3	0	0	0	0	0	0	0	0
UHM1073.23039_R.bin.125|k141_197029_78	0	0	0	0	0	0	0	0
UHM1073.23039_R.bin.125|k141_200691_1	0	0	0	0	0	0	0	0
UHM1073.23039_R.bin.125|k141_200691_134	0	0	0	0	0	0	0	0
UHM1073.23039_R.bin.125|k141_215613_12	0	0	0	0	1	0	0	0
UHM1073.23039_R.bin.125|k141_215613_4	1	0	0	0	1	1	0	0
UHM1073.23039_R.bin.125|k141_223244_108	0	0	0	0	0	0	0	0
UHM1073.23039_R.bin.125|k141_223244_124	1	1	1	0	1	1	1	1
UHM1073.23039_R.bin.125|k141_223244_133	0	0	0	0	0	0	0	0
UHM1073.23039_R.bin.125|k141_223244_26	1	1	1	1	1	0	1	1
UHM1073.23039_R.bin.125|k141_223244_69	0	0	0	0	0	0	0	0
UHM1073.23039_R.bin.125|k141_223244_7	0	0	0	0	1	1	0	0
UHM1073.23039_R.bin.125|k141_223244_75	0	1	1	1	0	1	1	0
UHM1073.23039_R.bin.125|k141_223244_84	0	0	0	0	0	0	0	0
UHM1073.23039_R.bin.125|k141_223244_95	0	0	0	0	0	0	0	0
UHM1073.23039_R.bin.125|k141_227938_29	0	0	0	0	1	1	0	0
UHM1073.23039_R.bin.125|k141_227938_30	0	0	0	0	0	0	0	0
UHM1073.23039_R.bin.125|k141_228062_101	0	0	0	1	0	0	0	0
UHM1073.23039_R.bin.125|k141_228062_113	0	0	0	0	0	0	0	0
UHM1073.23039_R.bin.125|k141_228062_126	0	0	0	0	1	0	0	0
UHM1073.23039_R.bin.125|k141_228062_17	0	0	0	0	0	0	0	0
UHM1073.23039_R.bin.125|k141_228062_76	0	0	0	0	0	0	0	0
UHM1073.23039_R.bin.125|k141_228062_91	0	0	0	0	0	0	0	0
UHM1073.23039_R.bin.125|k141_228062_97	1	1	1	1	1	1	1	1
UHM1073.23039_R.bin.125|k141_248016_9	0	1	0	0	1	1	0	1
UHM1073.23039_R.bin.125|k141_27918_10	0	0	0	0	0	0	0	0
UHM1073.23039_R.bin.125|k141_27918_71	0	0	0	1	0	0	0	0
UHM1073.23039_R.bin.125|k141_293949_31	1	1	0	0	1	0	0	0
UHM1073.23039_R.bin.125|k141_293949_48	0	0	0	0	1	1	0	0
UHM1073.23039_R.bin.125|k141_293949_56	1	1	0	0	1	1	0	0
UHM1073.23039_R.bin.125|k141_293949_58	1	1	1	1	1	1	1	1
UHM1073.23039_R.bin.125|k141_311317_127	0	0	0	0	0	0	0	0
UHM1073.23039_R.bin.125|k141_311317_145	0	0	0	0	0	0	0	0
UHM1073.23039_R.bin.125|k141_311317_146	0	0	0	0	0	0	0	0
UHM1073.23039_R.bin.125|k141_311317_147	0	0	0	0	0	0	0	0
UHM1073.23039_R.bin.125|k141_311317_148	0	0	0	0	0	0	0	0
UHM1073.23039_R.bin.125|k141_311317_149	0	0	0	0	0	0	0	0
UHM1073.23039_R.bin.125|k141_311317_150	0	0	0	0	0	0	0	0
UHM1073.23039_R.bin.125|k141_311317_151	0	0	0	0	0	0	0	0
UHM1073.23039_R.bin.125|k141_311317_16	1	1	1	1	1	1	1	1
UHM1073.23039_R.bin.125|k141_311317_19	0	0	0	0	0	0	0	0
UHM1073.23039_R.bin.125|k141_311317_39	1	0	0	0	0	0	0	0
UHM1073.23039_R.bin.125|k141_311317_53	0	0	0	0	0	0	0	0
UHM1073.23039_R.bin.125|k141_311317_68	1	0	1	1	1	0	1	1
UHM1073.23039_R.bin.125|k141_311317_90	0	1	0	0	0	0	1	0
UHM1073.23039_R.bin.125|k141_311317_97	0	0	0	0	0	0	0	0
UHM1073.23039_R.bin.125|k141_32380_101	1	0	0	1	1	1	0	0
UHM1073.23039_R.bin.125|k141_32380_56	1	1	1	1	1	1	1	1
UHM1073.23039_R.bin.125|k141_327978_105	1	0	0	0	1	1	0	0
UHM1073.23039_R.bin.125|k141_327978_110	0	0	0	0	0	0	0	0
UHM1073.23039_R.bin.125|k141_327978_140	1	1	1	0	1	0	1	1
UHM1073.23039_R.bin.125|k141_327978_18	0	1	0	0	1	1	0	0
UHM1073.23039_R.bin.125|k141_327978_26	0	0	0	0	1	0	0	0
UHM1073.23039_R.bin.125|k141_327978_55	0	0	0	0	0	0	0	0
UHM1073.23039_R.bin.125|k141_327978_80	0	0	0	0	0	0	0	0
UHM1073.23039_R.bin.125|k141_333189_17	1	1	0	0	1	1	0	0
UHM1073.23039_R.bin.125|k141_333189_18	0	0	1	0	0	0	1	0
UHM1073.23039_R.bin.125|k141_333189_4	0	0	0	0	0	0	0	0
UHM1073.23039_R.bin.125|k141_334212_8	0	0	0	0	0	0	0	0
UHM1073.23039_R.bin.125|k141_392367_29	0	0	0	0	0	0	0	0
UHM1073.23039_R.bin.125|k141_392367_30	0	0	0	0	0	0	0	0
UHM1073.23039_R.bin.125|k141_392367_34	1	0	1	0	0	0	1	0
UHM1073.23039_R.bin.125|k141_405036_12	0	0	0	1	0	0	0	1
UHM1073.23039_R.bin.125|k141_405036_4	1	1	1	1	1	1	1	1
UHM1073.23039_R.bin.125|k141_405036_61	0	1	0	0	1	0	1	0
UHM1073.23039_R.bin.125|k141_42250_27	1	1	1	1	1	1	1	1
UHM1073.23039_R.bin.125|k141_471956_3	1	1	1	1	1	1	1	1
UHM1073.23039_R.bin.125|k141_475898_46	1	1	1	1	1	1	1	1
UHM1073.23039_R.bin.125|k141_475898_57	0	0	0	0	0	0	0	0
UHM1073.23039_R.bin.125|k141_490033_101	0	0	0	0	0	0	0	0
UHM1073.23039_R.bin.125|k141_490033_108	0	1	1	1	1	1	0	1
UHM1073.23039_R.bin.125|k141_490033_142	1	1	1	1	1	1	1	1
UHM1073.23039_R.bin.125|k141_490033_143	0	0	0	0	0	0	0	0
UHM1073.23039_R.bin.125|k141_490033_159	1	1	1	1	1	1	1	1
UHM1073.23039_R.bin.125|k141_490033_160	0	0	0	0	0	0	0	0
UHM1073.23039_R.bin.125|k141_490033_162	0	0	0	0	0	0	0	0
UHM1073.23039_R.bin.125|k141_490033_174	0	0	0	0	0	0	0	0
UHM1073.23039_R.bin.125|k141_490033_26	0	0	0	0	0	0	0	0
UHM1073.23039_R.bin.125|k141_490033_42	1	1	0	0	1	1	1	1
UHM1073.23039_R.bin.125|k141_490033_44	0	0	0	0	0	0	0	0
UHM1073.23039_R.bin.125|k141_490033_45	0	0	0	0	0	0	0	0
UHM1073.23039_R.bin.125|k141_490033_6	0	0	0	0	1	0	0	0
UHM1073.23039_R.bin.125|k141_490033_63	0	1	1	1	1	1	1	1
UHM1073.23039_R.bin.125|k141_490033_77	1	0	1	1	1	1	1	1
UHM1073.23039_R.bin.125|k141_490033_80	0	0	0	0	0	0	0	0
UHM1073.23039_R.bin.125|k141_515361_126	1	0	1	1	1	1	1	0
UHM1073.23039_R.bin.125|k141_515361_128	0	0	0	0	0	0	0	0
UHM1073.23039_R.bin.125|k141_515361_16	0	1	1	1	1	1	0	0
UHM1073.23039_R.bin.125|k141_515361_25	0	0	0	0	0	0	0	0
UHM1073.23039_R.bin.125|k141_515361_38	0	0	0	0	0	0	0	0
UHM1073.23039_R.bin.125|k141_515361_39	0	0	0	0	0	0	0	0
UHM1073.23039_R.bin.125|k141_515361_74	1	1	0	0	1	0	0	0
UHM1073.23039_R.bin.125|k141_515361_83	0	0	0	0	0	0	0	0
UHM1073.23039_R.bin.125|k141_515361_94	0	0	0	0	0	0	0	0
UHM1073.23039_R.bin.125|k141_516198_18	0	0	0	0	0	0	0	0
UHM1073.23039_R.bin.125|k141_516198_36	0	0	0	0	0	0	0	0
UHM1073.23039_R.bin.125|k141_516198_45	0	0	0	0	1	0	0	0
UHM1073.23039_R.bin.125|k141_516198_46	1	1	1	0	1	1	1	1
UHM1073.23039_R.bin.125|k141_516198_57	0	1	0	0	0	1	0	0
UHM1073.23039_R.bin.125|k141_519366_19	0	0	0	0	0	0	0	0
UHM1073.23039_R.bin.125|k141_58351_43	0	0	0	0	0	0	0	0
UHM1073.23039_R.bin.125|k141_58351_76	0	0	0	0	0	0	0	0
UHM1073.23039_R.bin.125|k141_58351_77	1	1	1	1	1	1	0	1
UHM1073.23039_R.bin.125|k141_594944_41	0	0	1	0	0	0	0	0
UHM1073.23039_R.bin.125|k141_610428_12	1	1	0	0	0	1	0	0
UHM1073.23039_R.bin.125|k141_624127_20	0	1	1	0	1	0	0	0
UHM1073.23039_R.bin.125|k141_624127_40	1	0	1	1	1	1	1	1
UHM1073.23039_R.bin.125|k141_624127_49	1	0	0	0	0	0	0	0
UHM1073.23039_R.bin.125|k141_624127_59	1	1	0	0	1	1	0	0
UHM1210.23070_R.bin.101|k141_1014015_36	0	0	0	0	0	0	0	0
UHM1210.23070_R.bin.101|k141_1015956_23	0	0	0	0	0	0	0	0
UHM1210.23070_R.bin.101|k141_1015956_32	0	0	0	0	0	0	0	0
UHM1210.23070_R.bin.101|k141_1015956_9	1	1	1	1	1	1	1	1
UHM1210.23070_R.bin.101|k141_102944_1	0	0	0	0	1	0	0	0
UHM1210.23070_R.bin.101|k141_102944_12	0	1	0	0	0	0	1	0
UHM1210.23070_R.bin.101|k141_102944_17	1	1	1	1	0	1	1	1
UHM1210.23070_R.bin.101|k141_1066781_14	0	0	0	0	0	0	0	0
UHM1210.23070_R.bin.101|k141_1066781_21	1	1	1	1	1	0	1	1
UHM1210.23070_R.bin.101|k141_1066781_25	0	0	0	1	0	0	0	0
UHM1210.23070_R.bin.101|k141_1066781_39	1	1	1	1	1	1	1	1
UHM1210.23070_R.bin.101|k141_1066781_73	0	0	0	0	0	0	0	0
UHM1210.23070_R.bin.101|k141_1066781_95	1	1	1	1	1	1	1	1
UHM1210.23070_R.bin.101|k141_1135903_31	0	0	0	0	0	0	0	0
UHM1210.23070_R.bin.101|k141_1135903_46	0	0	0	0	0	0	0	0
UHM1210.23070_R.bin.101|k141_1135903_47	0	0	0	0	0	0	0	0
UHM1210.23070_R.bin.101|k141_1142038_15	0	0	0	0	1	0	0	0
UHM1210.23070_R.bin.101|k141_1142038_29	0	0	0	0	0	0	0	0
UHM1210.23070_R.bin.101|k141_1142038_32	0	0	0	0	0	0	0	0
UHM1210.23070_R.bin.101|k141_1193549_13	0	0	0	0	0	0	0	0
UHM1210.23070_R.bin.101|k141_1193549_19	0	0	0	0	0	0	0	0
UHM1210.23070_R.bin.101|k141_1193549_20	1	1	1	1	1	1	1	0
UHM1210.23070_R.bin.101|k141_1193549_22	1	1	1	1	1	1	1	1
UHM1210.23070_R.bin.101|k141_1193549_39	1	1	1	1	1	1	1	1
UHM1210.23070_R.bin.101|k141_1193549_43	0	0	0	0	0	0	0	0
UHM1210.23070_R.bin.101|k141_1275766_2	0	1	1	1	1	1	1	1
UHM1210.23070_R.bin.101|k141_1275766_45	1	1	1	1	1	1	1	1
UHM1210.23070_R.bin.101|k141_1275766_87	1	0	0	0	1	1	0	0
UHM1210.23070_R.bin.101|k141_1275766_89	0	0	0	0	0	0	0	0
UHM1210.23070_R.bin.101|k141_1275766_90	0	0	0	0	0	0	0	0
UHM1210.23070_R.bin.101|k141_1318991_104	1	1	0	0	1	1	0	1
UHM1210.23070_R.bin.101|k141_1318991_122	0	1	1	1	1	0	1	1
UHM1210.23070_R.bin.101|k141_1318991_144	1	1	1	1	1	1	0	1
UHM1210.23070_R.bin.101|k141_1318991_57	1	1	1	1	1	1	1	1
UHM1210.23070_R.bin.101|k141_1318991_64	0	1	1	1	0	1	1	0
UHM1210.23070_R.bin.101|k141_1318991_86	1	1	1	1	1	1	1	1
UHM1210.23070_R.bin.101|k141_1318991_88	0	1	1	0	1	0	0	0
UHM1210.23070_R.bin.101|k141_1318991_96	1	1	1	1	0	0	1	1
UHM1210.23070_R.bin.101|k141_1343831_21	0	0	0	0	0	0	0	0
UHM1210.23070_R.bin.101|k141_1343831_35	0	1	1	1	1	1	0	1
UHM1210.23070_R.bin.101|k141_14093_24	1	1	1	1	1	1	1	1
UHM1210.23070_R.bin.101|k141_14093_25	0	0	0	0	0	0	0	0
UHM1210.23070_R.bin.101|k141_284463_12	0	0	0	0	0	0	0	0
UHM1210.23070_R.bin.101|k141_284463_38	1	1	1	1	0	0	1	1
UHM1210.23070_R.bin.101|k141_284463_41	1	1	0	0	1	1	0	0
UHM1210.23070_R.bin.101|k141_284463_51	0	0	0	0	0	0	0	0
UHM1210.23070_R.bin.101|k141_284463_72	1	1	1	1	1	1	0	0
UHM1210.23070_R.bin.101|k141_35550_100	0	0	0	0	0	0	0	0
UHM1210.23070_R.bin.101|k141_35550_125	1	0	0	1	1	0	1	0
UHM1210.23070_R.bin.101|k141_35550_13	1	0	1	0	1	1	0	0
UHM1210.23070_R.bin.101|k141_35550_134	1	1	0	0	1	1	1	0
UHM1210.23070_R.bin.101|k141_35550_25	0	0	0	0	0	0	0	0
UHM1210.23070_R.bin.101|k141_35550_82	1	1	1	1	1	1	1	1
UHM1210.23070_R.bin.101|k141_35550_9	1	0	1	1	1	1	1	0
UHM1210.23070_R.bin.101|k141_44701_23	1	1	1	1	1	0	1	1
UHM1210.23070_R.bin.101|k141_44701_26	1	1	0	0	1	1	0	0
UHM1210.23070_R.bin.101|k141_44701_65	0	0	0	0	0	0	0	0
UHM1210.23070_R.bin.101|k141_604287_23	1	0	0	0	1	0	0	0
UHM1210.23070_R.bin.101|k141_609199_27	0	0	0	0	1	1	0	0
UHM1210.23070_R.bin.101|k141_692359_11	0	0	1	0	0	0	0	0
UHM1210.23070_R.bin.101|k141_692359_18	1	1	1	1	1	1	0	1
UHM1210.23070_R.bin.101|k141_692359_19	0	0	0	0	0	0	0	0
UHM1210.23070_R.bin.101|k141_692359_55	1	1	1	1	1	1	1	1
UHM1210.23070_R.bin.101|k141_692359_59	0	0	0	0	1	0	0	0
UHM1210.23070_R.bin.101|k141_754643_3	1	1	0	1	0	0	0	0
UHM1210.23070_R.bin.101|k141_754643_7	1	1	0	0	0	0	0	0
UHM1210.23070_R.bin.101|k141_754643_9	1	0	1	1	1	1	1	1
UHM1210.23070_R.bin.101|k141_770993_37	0	0	0	0	0	1	0	0
UHM1210.23070_R.bin.101|k141_770993_56	1	0	1	1	0	0	1	0
UHM1210.23070_R.bin.101|k141_790691_24	0	0	0	0	1	0	0	0
UHM1210.23070_R.bin.101|k141_829398_1	0	1	1	0	1	0	1	1
UHM1210.23070_R.bin.101|k141_830199_21	1	1	1	1	1	1	1	0
UHM1210.23070_R.bin.101|k141_830199_3	0	0	0	0	0	0	0	0
UHM1210.23070_R.bin.101|k141_968682_12	0	0	0	0	0	0	0	0
UHM1210.23070_R.bin.101|k141_968682_2	1	0	1	1	1	0	1	1
UHM1210.23070_R.bin.101|k141_971217_7	1	0	0	0	0	0	0	0
UHM1210.23070_R.bin.101|k141_983138_12	0	0	0	0	0	0	0	0
UHM1210.23070_R.bin.101|k141_983138_33	0	0	0	0	0	0	0	0
UHM1210.23070_R.bin.101|k141_983138_34	0	0	0	0	0	0	0	0
UHM1210.23070_R.bin.101|k141_983138_36	1	1	1	1	1	1	1	1
UHM1210.23070_R.bin.101|k141_993103_46	0	1	0	0	1	0	0	0
UHM1210.23070_R.bin.101|k141_993103_66	1	1	1	1	1	1	1	1
UHM1210.23070_R.bin.101|k141_993103_72	0	1	1	1	1	1	1	1
