Species,Strain,Protein,DNA,Short,Lineage
Agaricus bisporus,var_bisporus_H97,Agaricus_bisporus_var_bisporus_H97.Agabi_varbisH97_2.v2.aa.fasta,Agaricus_bisporus_var_bisporus_H97.Agabi_varbisH97_2.v2.fasta,Agarbisp,Fungi;Basidiomycota;Agaricomycetes;Agaricales;Agaricaceae;Agaricus
Allomyces macrogynus,ATCC_38327,Allomyces_macrogynus_ATCC_38327.v3.aa.fasta,Allomyces_macrogynus_ATCC_38327.v3.fasta,Allomacr,Fungi;Blastocladiomycota;Blastocladiomycetes;Blastocladiales;Blastocladiaceae;Allomyces
Amanita muscaria,Koide,Amanita_muscaria_Koide.Amamu1.v1.aa.fasta,Amanita_muscaria_Koide.Amamu1.v1.fasta,Amanmusc,Fungi;Basidiomycota;Agaricomycetes;Agaricales;Amanitaceae;Amanita
Amanita thiersii,Skay4041,Amanita_thiersii_Skay4041.Amath1.v1.aa.fasta,Amanita_thiersii_Skay4041.Amath1.v1.fasta,Amanthie,Fungi;Basidiomycota;Agaricomycetes;Agaricales;Amanitaceae;Amanita
Amniculicola lignicola,CBS_123094,Amniculicola_lignicola_CBS_123094.Amnli1.v1.aa.fasta,Amniculicola_lignicola_CBS_123094.Amnli1.v1.fasta,Amnilign,Fungi;Ascomycota;Dothideomycetes;Pleosporales;Amniculicolaceae;Amniculicola
Amorphotheca resinae,ATCC_22711,Amorphotheca_resinae_ATCC_22711.Amore1.v1.aa.fasta,Amorphotheca_resinae_ATCC_22711.Amore1.v1.fasta,Amorresi,Fungi;Ascomycota;Leotiomycetes;Helotiales;Amorphothecaceae;Amorphotheca
Antonospora locustae,HM-2013,Antonospora_locustae_HM-2013.Antlo1.aa.fasta,Antonospora_locustae_HM-2013.Antlo1.fasta,Antolocu,Fungi;Microsporidia;Antonospora
Aplosporella prunicola,CBS_121,Aplosporella_prunicola_CBS_121.167.Aplpr1.v1.aa.fasta,Aplosporella_prunicola_CBS_121.167.Aplpr1.v1.fasta,Aploprun,Fungi;Ascomycota;Dothideomycetes;Botryosphaeriales;Aplosporellaceae;Aplosporella
Armillaria mellea,DSM_3731,Armillaria_mellea_DSM_3731.Armme1_1.aa.fasta,Armillaria_mellea_DSM_3731.Armme1_1.fasta,Armimell,Fungi;Basidiomycota;Agaricomycetes;Agaricales;Physalacriaceae;Armillaria
Ascobolus immersus,RN42,Ascobolus_immersus_RN42.Ascim1.v1.aa.fasta,Ascobolus_immersus_RN42.Ascim1.v1.fasta,Ascoimme,Fungi;Ascomycota;Pezizomycetes;Pezizales;Ascobolaceae;Ascobolus
Ascocoryne sarcoides,NRRL_50072,Ascocoryne_sarcoides_NRRL_50072.Ascsa1.aa.fasta,Ascocoryne_sarcoides_NRRL_50072.Ascsa1.fasta,Ascosarc,Fungi;Ascomycota;Leotiomycetes;Helotiales;Gelatinodiscaceae;Ascocoryne
Ascodesmis nigricans,CBS_389,Ascodesmis_nigricans_CBS_389.68.Ascni1.v1.aa.fasta,Ascodesmis_nigricans_CBS_389.68.Ascni1.v1.fasta,Asconigr,Fungi;Ascomycota;Pezizomycetes;Pezizales;Ascodesmidaceae;Ascodesmis
Ascosphaera apis,ARSEF_7405,Ascosphaera_apis_ARSEF_7405.v1.aa.fasta,Ascosphaera_apis_ARSEF_7405.v1.fasta,Ascoapis,Fungi;Ascomycota;Eurotiomycetes;Onygenales;Ascosphaeraceae;Ascosphaera
Aspergillus fumigatus,Af293,Aspergillus_fumigatus_Af293.aa.fasta,Aspergillus_fumigatus_Af293.fasta,Aspefumi,Fungi;Ascomycota;Eurotiomycetes;Eurotiales;Aspergillaceae;Aspergillus
Aspergillus niger,ATCC_1015,Aspergillus_niger_ATCC_1015.Aspni7.v4.aa.fasta,Aspergillus_niger_ATCC_1015.Aspni7.v4.fasta,Aspenige,Fungi;Ascomycota;Eurotiomycetes;Eurotiales;Aspergillaceae;Aspergillus
Aulographum hederae,CBS_113979,Aulographum_hederae_CBS_113979.Aulhe2.v2.aa.fasta,Aulographum_hederae_CBS_113979.Aulhe2.v2.fasta,Aulohede,Fungi;Ascomycota;Dothideomycetes;Aulographales;Aulographaceae;Aulographum
Aureobasidium pullulans,var_pullulans_EXF-150,Aureobasidium_pullulans_var_pullulans_EXF-150.Aurpu_var_pul1.aa.fasta,Aureobasidium_pullulans_var_pullulans_EXF-150.Aurpu_var_pul1.fasta,Aurepull,Fungi;Ascomycota;Dothideomycetes;Dothideales;Saccotheciaceae;Aureobasidium
Auricularia subglabra,TFB10046_SS-5,Auricularia_subglabra_TFB10046_SS-5.Aurde3_1.v2.aa.fasta,Auricularia_subglabra_TFB10046_SS-5.Aurde3_1.v2.fasta,Aurisubg,Fungi;Basidiomycota;Agaricomycetes;Auriculariales;Auriculariaceae;Auricularia
Auriscalpium vulgare,FP105234-Sp,Auriscalpium_vulgare_FP105234-Sp.Aurvu1.v1.aa.fasta,Auriscalpium_vulgare_FP105234-Sp.Aurvu1.v1.fasta,Aurivulg,Fungi;Basidiomycota;Agaricomycetes;Russulales;Auriscalpiaceae;Auriscalpium
Backusella circina,FSU_941,Backusella_circina_FSU_941.Bacci1.v1.aa.fasta,Backusella_circina_FSU_941.Bacci1.v1.fasta,Backcirc,Fungi;Mucoromycota;Mucoromycetes;Mucorales;Backusellaceae;Backusella
Basidiobolus meristosporus,B9252,Basidiobolus_meristosporus_B9252.aa.fasta,Basidiobolus_meristosporus_B9252.fasta,Basimeri,Fungi;Basidiobolomycota;Basidiobolomycetes;Basidiobolales;Basidiobolaceae;Basidiobolus
Basidiobolus meristosporus,CBS_931,Basidiobolus_meristosporus_CBS_931.73.Basme2finSC.v1.aa.fasta,Basidiobolus_meristosporus_CBS_931.73.Basme2finSC.v1.fasta,Basimer2,Fungi;Basidiobolomycota;Basidiobolomycetes;Basidiobolales;Basidiobolaceae;Basidiobolus
Batrachochytrium dendrobatidis,JAM81,Batrachochytrium_dendrobatidis_JAM81.Batde5.v1.aa.fasta,Batrachochytrium_dendrobatidis_JAM81.Batde5.v1.fasta,Batrdend,Fungi;Chytridiomycota;Chytridiomycetes;Rhizophydiales;Batrachochytrium
Beauveria bassiana,ARSEF_2860,Beauveria_bassiana_ARSEF_2860.Beaba1.aa.fasta,Beauveria_bassiana_ARSEF_2860.Beaba1.fasta,Beaubass,Fungi;Ascomycota;Sordariomycetes;Hypocreales;Cordycipitaceae;Beauveria
Bimuria novae-zelandiae,CBS_107,Bimuria_novae-zelandiae_CBS_107.79.Bimnz1.v1.aa.fasta,Bimuria_novae-zelandiae_CBS_107.79.Bimnz1.v1.fasta,Bimunova,Fungi;Ascomycota;Dothideomycetes;Pleosporales;Didymosphaeriaceae;Bimuria
Bjerkandera adusta,HHB-12826-SP_SB-22,Bjerkandera_adusta_HHB-12826-SP_SB-22.Bjead1_1.v1.aa.fasta,Bjerkandera_adusta_HHB-12826-SP_SB-22.Bjead1_1.v1.fasta,Bjeradus,Fungi;Basidiomycota;Agaricomycetes;Polyporales;Phanerochaetaceae;Bjerkandera
Blastobotrys adeninivorans,LS3,Blastobotrys_adeninivorans_LS3.Arxad1.aa.fasta,Blastobotrys_adeninivorans_LS3.Arxad1.fasta,Blasaden,Fungi;Ascomycota;Dipodascomycetes;Dipodascales;Trichomonascaceae;Blastobotrys
Blumeria graminis,f_sp_hordei_DH14,Blumeria_graminis_f_sp_hordei_DH14.Blugr1.aa.fasta,Blumeria_graminis_f_sp_hordei_DH14.Blugr1.fasta,Blumgram,Fungi;Ascomycota;Leotiomycetes;Helotiales;Erysiphaceae;Blumeria
Boletus edulis,BED1,Boletus_edulis_BED1.Boled1.v1.aa.fasta,Boletus_edulis_BED1.Boled1.v1.fasta,Boleedul,Fungi;Basidiomycota;Agaricomycetes;Boletales;Boletaceae;Boletus
Botryobasidium botryosum,FD-172_SS1,Botryobasidium_botryosum_FD-172_SS1.Botbo1.v1.aa.fasta,Botryobasidium_botryosum_FD-172_SS1.Botbo1.v1.fasta,Botrbotr,Fungi;Basidiomycota;Agaricomycetes;Cantharellales;Botryobasidiaceae;Botryobasidium
Botryosphaeria dothidea,CBS_115476,Botryosphaeria_dothidea_CBS_115476.Botdo1_1.aa.fasta,Botryosphaeria_dothidea_CBS_115476.Botdo1_1.fasta,Botrdoth,Fungi;Ascomycota;Dothideomycetes;Botryosphaeriales;Botryosphaeriaceae;Botryosphaeria
Botrytis cinerea,B05,Botrytis_cinerea_B05.10.aa.fasta,Botrytis_cinerea_B05.10.fasta,Botrcine,Fungi;Ascomycota;Leotiomycetes;Helotiales;Sclerotiniaceae;Botrytis
Byssothecium circinans,CBS_675,Byssothecium_circinans_CBS_675.92.Bysci1.v1.aa.fasta,Byssothecium_circinans_CBS_675.92.Bysci1.v1.fasta,Bysscirc,Fungi;Ascomycota;Dothideomycetes;Pleosporales;Massarinaceae;Byssothecium
Calocera cornea,HHB12733,Calocera_cornea_HHB12733.Calco1.v1.aa.fasta,Calocera_cornea_HHB12733.Calco1.v1.fasta,Calocorn,Fungi;Basidiomycota;Dacrymycetes;Dacrymycetales;Dacrymycetaceae;Calocera
Candida albicans,SC5314,Candida_albicans_SC5314.vA22-s05-m05-r09.aa.fasta,Candida_albicans_SC5314.vA22-s05-m05-r09.fasta,Candalbi,Fungi;Ascomycota;Pichiomycetes;Serinales;Debaryomycetaceae;Candida
Capronia coronata,CBS_617,Capronia_coronata_CBS_617.96.aa.fasta,Capronia_coronata_CBS_617.96.fasta,Caprcoro,Fungi;Ascomycota;Eurotiomycetes;Chaetothyriales;Herpotrichiellaceae;Capronia
Catenaria anguillulae,PL171,Catenaria_anguillulae_PL171.Catan1.v1.aa.fasta,Catenaria_anguillulae_PL171.Catan1.v1.fasta,Cateangu,Fungi;Blastocladiomycota;Blastocladiomycetes;Blastocladiales;Catenariaceae;Catenaria
Cenococcum geophilum,1,Cenococcum_geophilum_1.58.Cenge3.v2.aa.fasta,Cenococcum_geophilum_1.58.Cenge3.v2.fasta,Cenogeop,Fungi;Ascomycota;Dothideomycetes;Gloniales;Gloniaceae;Cenococcum
Cephaloascus albidus,ATCC_66658,Cephaloascus_albidus_ATCC_66658.Cepal1_1.v1.aa.fasta,Cephaloascus_albidus_ATCC_66658.Cepal1_1.v1.fasta,Cephalbi,Fungi;Ascomycota;Pichiomycetes;Serinales;Cephaloascaceae;Cephaloascus
Chaetomium globosum,CBS_148,Chaetomium_globosum_CBS_148.51.aa.fasta,Chaetomium_globosum_CBS_148.51.fasta,Chaeglob,Fungi;Ascomycota;Sordariomycetes;Sordariales;Chaetomiaceae;Chaetomium
Choiromyces venosus,120613-1,Choiromyces_venosus_120613-1.Chove1.v1.aa.fasta,Choiromyces_venosus_120613-1.Chove1.v1.fasta,Choiveno,Fungi;Ascomycota;Pezizomycetes;Pezizales;Tuberaceae;Choiromyces
Cladonia grayi,Cgr-DA2myc-ss,Cladonia_grayi_Cgr-DA2myc-ss.Clagr3.v2.aa.fasta,Cladonia_grayi_Cgr-DA2myc-ss.Clagr3.v2.fasta,Cladgray,Fungi;Ascomycota;Lecanoromycetes;Lecanorales;Cladoniaceae;Cladonia
Cladosporium sphaerospermum,UM_843,Cladosporium_sphaerospermum_UM_843.aa.fasta,Cladosporium_sphaerospermum_UM_843.fasta,Cladspha,Fungi;Ascomycota;Dothideomycetes;Cladosporiales;Cladosporiaceae;Cladosporium
Clathrospora elynae,CBS_161,Clathrospora_elynae_CBS_161.51.Clael1.v1.aa.fasta,Clathrospora_elynae_CBS_161.51.Clael1.v1.fasta,Clatelyn,Fungi;Ascomycota;Dothideomycetes;Pleosporales;Diademaceae;Clathrospora
Claviceps purpurea,20,Claviceps_purpurea_20.1.aa.fasta,Claviceps_purpurea_20.1.fasta,Clavpurp,Fungi;Ascomycota;Sordariomycetes;Hypocreales;Clavicipitaceae;Claviceps
Clavispora lusitaniae,ATCC_42720,Clavispora_lusitaniae_ATCC_42720.aa.fasta,Clavispora_lusitaniae_ATCC_42720.fasta,Clavlusi,Fungi;Ascomycota;Pichiomycetes;Serinales;Metschnikowiaceae;Clavispora
Clonostachys rosea,CBS_125111,Clonostachys_rosea_CBS_125111.Cloro1.v1.aa.fasta,Clonostachys_rosea_CBS_125111.Cloro1.v1.fasta,Clonrose,Fungi;Ascomycota;Sordariomycetes;Hypocreales;Bionectriaceae;Clonostachys
Coccidioides immitis,RS,Coccidioides_immitis_RS.aa.fasta,Coccidioides_immitis_RS.fasta,Coccimmi,Fungi;Ascomycota;Eurotiomycetes;Onygenales;Onygenaceae;Coccidioides
Coemansia reversa,NRRL_1564,Coemansia_reversa_NRRL_1564.Coere1.v1.aa.fasta,Coemansia_reversa_NRRL_1564.Coere1.v1.fasta,Coemreve,Fungi;Kickxellomycota;Kickxellomycetes;Kickxellales;Kickxellaceae;Coemansia
Colletotrichum graminicola,M1,Colletotrichum_graminicola_M1.001.v1.aa.fasta,Colletotrichum_graminicola_M1.001.v1.fasta,Collgram,Fungi;Ascomycota;Sordariomycetes;Glomerellales;Glomerellaceae;Colletotrichum
Colletotrichum higginsianum,IMI_349063,Colletotrichum_higginsianum_IMI_349063.v1.aa.fasta,Colletotrichum_higginsianum_IMI_349063.v1.fasta,Collhigg,Fungi;Ascomycota;Sordariomycetes;Glomerellales;Glomerellaceae;Colletotrichum
Conidiobolus coronatus,NRRL_28638,Conidiobolus_coronatus_NRRL_28638.Conco1.v1.aa.fasta,Conidiobolus_coronatus_NRRL_28638.Conco1.v1.fasta,Conicoro,Fungi;Entomophthoromycota;Entomophthoromycetes;Entomophthorales;Conidiobolaceae;Conidiobolus
Coniochaeta ligniaria,CBS_111746,Coniochaeta_ligniaria_CBS_111746.aa.fasta,Coniochaeta_ligniaria_CBS_111746.fasta,Conilign,Fungi;Ascomycota;Sordariomycetes;Coniochaetales;Coniochaetaceae;Coniochaeta
Coniophora puteana,RWD-64-598_SS2,Coniophora_puteana_RWD-64-598_SS2.Conpu1.v1.aa.fasta,Coniophora_puteana_RWD-64-598_SS2.Conpu1.v1.fasta,Conipute,Fungi;Basidiomycota;Agaricomycetes;Boletales;Coniophoraceae;Coniophora
Coprinopsis cinerea,okayama7_130,Coprinopsis_cinerea_okayama7_130.aa.fasta,Coprinopsis_cinerea_okayama7_130.fasta,Coprcine,Fungi;Basidiomycota;Agaricomycetes;Agaricales;Psathyrellaceae;Coprinopsis
Cordyceps militaris,CM01,Cordyceps_militaris_CM01.Cormi1.aa.fasta,Cordyceps_militaris_CM01.Cormi1.fasta,Cordmili,Fungi;Ascomycota;Sordariomycetes;Hypocreales;Cordycipitaceae;Cordyceps
Corynespora cassiicola,CCP,Corynespora_cassiicola_CCP.Corca1.v1.aa.fasta,Corynespora_cassiicola_CCP.Corca1.v1.fasta,Corycass,Fungi;Ascomycota;Dothideomycetes;Pleosporales;Corynesporascaceae;Corynespora
Cryphonectria parasitica,EP155,Cryphonectria_parasitica_EP155.Crypa2.v2.aa.fasta,Cryphonectria_parasitica_EP155.Crypa2.v2.fasta,Cryppara,Fungi;Ascomycota;Sordariomycetes;Diaporthales;Cryphonectriaceae;Cryphonectria
Cryptococcus neoformans,var,Cryptococcus_neoformans_var._neoformans_JEC21.aa.fasta,Cryptococcus_neoformans_var._neoformans_JEC21.fasta,Crypneof,Fungi;Basidiomycota;Tremellomycetes;Tremellales;Cryptococcaceae;Cryptococcus
Cucurbitaria berberidis,CBS_394,Cucurbitaria_berberidis_CBS_394.84.Cucbe1.v1.aa.fasta,Cucurbitaria_berberidis_CBS_394.84.Cucbe1.v1.fasta,Cucuberb,Fungi;Ascomycota;Dothideomycetes;Pleosporales;Cucurbitariaceae;Cucurbitaria
Cylindrobasidium torrendii,FP15055_ss-10,Cylindrobasidium_torrendii_FP15055_ss-10.Cylto1.v1.aa.fasta,Cylindrobasidium_torrendii_FP15055_ss-10.Cylto1.v1.fasta,Cylitorr,Fungi;Basidiomycota;Agaricomycetes;Agaricales;Physalacriaceae;Cylindrobasidium
Cyphellophora europaea,CBS_101466,Cyphellophora_europaea_CBS_101466.aa.fasta,Cyphellophora_europaea_CBS_101466.fasta,Cypheuro,Fungi;Ascomycota;Eurotiomycetes;Chaetothyriales;Cyphellophoraceae;Cyphellophora
Debaryomyces hansenii,CBS_767,Debaryomyces_hansenii_CBS_767.aa.fasta,Debaryomyces_hansenii_CBS_767.fasta,Debahans,Fungi;Ascomycota;Pichiomycetes;Serinales;Debaryomycetaceae;Debaryomyces
Delitschia confertaspora,ATCC_74209,Delitschia_confertaspora_ATCC_74209.Delco1.v1.aa.fasta,Delitschia_confertaspora_ATCC_74209.Delco1.v1.fasta,Deliconf,Fungi;Ascomycota;Dothideomycetes;Pleosporales;Delitschiaceae;Delitschia
Dendrothele bispora,CBS_962,Dendrothele_bispora_CBS_962.96.Denbi1.v1.aa.fasta,Dendrothele_bispora_CBS_962.96.Denbi1.v1.fasta,Dendbisp,Fungi;Basidiomycota;Agaricomycetes;Agaricales;Dendrothele
Dibaeis baeomyces,1,Dibaeis_baeomyces.v0_1.aa.fasta,Dibaeis_baeomyces.v0_1.fasta,Dibabaeo,Fungi;Ascomycota;Lecanoromycetes;Pertusariales;Icmadophilaceae;Dibaeis
Dichomitus squalens,LYAD-421_SS1,Dichomitus_squalens_LYAD-421_SS1.Dicsq1.v1.aa.fasta,Dichomitus_squalens_LYAD-421_SS1.Dicsq1.v1.fasta,Dichsqua,Fungi;Basidiomycota;Agaricomycetes;Polyporales;Polyporaceae;Dichomitus
Didymella exigua,CBS_183,Didymella_exigua_CBS_183.55.Didex1.v1.aa.fasta,Didymella_exigua_CBS_183.55.Didex1.v1.fasta,Didyexig,Fungi;Ascomycota;Dothideomycetes;Pleosporales;Didymellaceae;Didymella
Dissoconium aciculare,CBS_342,Dissoconium_aciculare_CBS_342.82.Disac1.v1.aa.fasta,Dissoconium_aciculare_CBS_342.82.Disac1.v1.fasta,Dissacic,Fungi;Ascomycota;Dothideomycetes;Mycosphaerellales;Dissoconiaceae;Dissoconium
Dothidotthia symphoricarpi,CBS_119687,Dothidotthia_symphoricarpi_CBS_119687.Dotsy1.v1.aa.fasta,Dothidotthia_symphoricarpi_CBS_119687.Dotsy1.v1.fasta,Dothsymp,Fungi;Ascomycota;Dothideomycetes;Pleosporales;Dothidotthiaceae;Dothidotthia
Dothistroma septosporum,NZE10,Dothistroma_septosporum_NZE10.Dotse1.v1.aa.fasta,Dothistroma_septosporum_NZE10.Dotse1.v1.fasta,Dothsept,Fungi;Ascomycota;Dothideomycetes;Mycosphaerellales;Mycosphaerellaceae;Dothistroma
Encephalitozoon cuniculi,GB-M1,Encephalitozoon_cuniculi_GB-M1.Enccu1.aa.fasta,Encephalitozoon_cuniculi_GB-M1.Enccu1.fasta,Encecuni,Fungi;Microsporidia;Unikaryonidae;Encephalitozoon
Encephalitozoon hellem,ATCC_50504,Encephalitozoon_hellem_ATCC_50504.Enche1.aa.fasta,Encephalitozoon_hellem_ATCC_50504.Enche1.fasta,Encehell,Fungi;Microsporidia;Unikaryonidae;Encephalitozoon
Encephalitozoon intestinalis,ATCC_50506,Encephalitozoon_intestinalis_ATCC_50506.Encin1.aa.fasta,Encephalitozoon_intestinalis_ATCC_50506.Encin1.fasta,Enceinte,Fungi;Microsporidia;Unikaryonidae;Encephalitozoon
Encephalitozoon romaleae,SJ-2008,Encephalitozoon_romaleae_SJ-2008.Encro1.aa.fasta,Encephalitozoon_romaleae_SJ-2008.Encro1.fasta,Enceroma,Fungi;Microsporidia;Unikaryonidae;Encephalitozoon
Enterocytozoon bieneusi,H348,Enterocytozoon_bieneusi_H348.Entbi1.aa.fasta,Enterocytozoon_bieneusi_H348.Entbi1.fasta,Entebien,Fungi;Microsporidia;Enterocytozoonidae;Enterocytozoon
Epichloe festucae,E894,Epichloe_festucae_E894.vM3.aa.fasta,Epichloe_festucae_E894.vM3.fasta,Epicfest,Fungi;Ascomycota;Sordariomycetes;Hypocreales;Clavicipitaceae;Epichloe
Eremomyces bilateralis,CBS_781,Eremomyces_bilateralis_CBS_781.70.Erebi1.v1.aa.fasta,Eremomyces_bilateralis_CBS_781.70.Erebi1.v1.fasta,Erembila,Fungi;Ascomycota;Dothideomycetes;Eremomycetales;Eremomycetaceae;Eremomyces
Eutypa lata,UCREL1,Eutypa_lata_UCREL1.v1.aa.fasta,Eutypa_lata_UCREL1.v1.fasta,Eutylata,Fungi;Ascomycota;Sordariomycetes;Xylariales;Diatrypaceae;Eutypa
Exidia glandulosa,HHB12029,Exidia_glandulosa_HHB12029.Exigl1.v1.aa.fasta,Exidia_glandulosa_HHB12029.Exigl1.v1.fasta,Exidglan,Fungi;Basidiomycota;Agaricomycetes;Auriculariales;Exidiaceae;Exidia
Exophiala dermatitidis,NIH_UT8656,Exophiala_dermatitidis_NIH_UT8656.aa.fasta,Exophiala_dermatitidis_NIH_UT8656.fasta,Exopderm,Fungi;Ascomycota;Eurotiomycetes;Chaetothyriales;Herpotrichiellaceae;Exophiala
Fibroporia radiculosa,TFFH_294,Fibroporia_radiculosa_TFFH_294.aa.fasta,Fibroporia_radiculosa_TFFH_294.fasta,Fibrradi,Fungi;Basidiomycota;Agaricomycetes;Polyporales;Fibroporiaceae;Fibroporia
Fistulina hepatica,ATCC_64428,Fistulina_hepatica_ATCC_64428.Fishe1.v1.aa.fasta,Fistulina_hepatica_ATCC_64428.Fishe1.v1.fasta,Fisthepa,Fungi;Basidiomycota;Agaricomycetes;Agaricales;Fistulinaceae;Fistulina
Fomitiporia mediterranea,MF3-22,Fomitiporia_mediterranea_MF3-22.Fomme1.v1.aa.fasta,Fomitiporia_mediterranea_MF3-22.Fomme1.v1.fasta,Fomimedi,Fungi;Basidiomycota;Agaricomycetes;Hymenochaetales;Hymenochaetaceae;Fomitiporia
Fomitopsis pinicola,FP-58527_SS1,Fomitopsis_pinicola_FP-58527_SS1.Fompi3.v3.aa.fasta,Fomitopsis_pinicola_FP-58527_SS1.Fompi3.v3.fasta,Fomipini,Fungi;Basidiomycota;Agaricomycetes;Polyporales;Fomitopsidaceae;Fomitopsis
Fusarium fujikuroi,IMI58289,Fusarium_fujikuroi_IMI58289.aa.fasta,Fusarium_fujikuroi_IMI58289.fasta,Fusafuji,Fungi;Ascomycota;Sordariomycetes;Hypocreales;Nectriaceae;Fusarium
Fusarium graminearum,PH-1,Fusarium_graminearum_PH-1.aa.fasta,Fusarium_graminearum_PH-1.fasta,Fusagram,Fungi;Ascomycota;Sordariomycetes;Hypocreales;Nectriaceae;Fusarium
Galerina marginata,CBS_339,Galerina_marginata_CBS_339.88.Galma1.v1.aa.fasta,Galerina_marginata_CBS_339.88.Galma1.v1.fasta,Galemarg,Fungi;Basidiomycota;Agaricomycetes;Agaricales;Galerinaceae;Galerina
Glarea lozoyensis,74030,Glarea_lozoyensis_74030.aa.fasta,Glarea_lozoyensis_74030.fasta,Glarlozo,Fungi;Ascomycota;Leotiomycetes;Helotiales;Helotiaceae;Glarea
Gloeophyllum trabeum,ATCC_11539,Gloeophyllum_trabeum_ATCC_11539.Glotr1_1.v1.aa.fasta,Gloeophyllum_trabeum_ATCC_11539.Glotr1_1.v1.fasta,Gloetrab,Fungi;Basidiomycota;Agaricomycetes;Gloeophyllales;Gloeophyllaceae;Gloeophyllum
Glonium stellatum,,Glonium_stellatum.Glost2.v1.aa.fasta,Glonium_stellatum.Glost2.v1.fasta,Glonstel,Fungi;Ascomycota;Dothideomycetes;Gloniales;Gloniaceae;Glonium
Gonapodya prolifera,JEL478,Gonapodya_prolifera_JEL478.Ganpr1.v1.aa.fasta,Gonapodya_prolifera_JEL478.Ganpr1.v1.fasta,Gonaprol,Fungi;Monoblepharomycota;Monoblepharidomycetes;Monoblepharidales;Gonapodyaceae;Gonapodya
Gyrodon lividus,BX,Gyrodon_lividus_BX.Gyrli1.v1.aa.fasta,Gyrodon_lividus_BX.Gyrli1.v1.fasta,Gyrolivi,Fungi;Basidiomycota;Agaricomycetes;Boletales;Gyrodontaceae;Gyrodon
Hebeloma cylindrosporum,h7,Hebeloma_cylindrosporum_h7.Hebcy2.v2.aa.fasta,Hebeloma_cylindrosporum_h7.Hebcy2.v2.fasta,Hebecyli,Fungi;Basidiomycota;Agaricomycetes;Agaricales;Hymenogastraceae;Hebeloma
Hesseltinella vesiculosa,NRRL_3301,Hesseltinella_vesiculosa_NRRL_3301.Hesve2finisherSC.v2.aa.fasta,Hesseltinella_vesiculosa_NRRL_3301.Hesve2finisherSC.v2.fasta,Hessvesi,Fungi;Mucoromycota;Mucoromycetes;Mucorales;Cunninghamellaceae;Hesseltinella
Heterobasidion annosum,TC_32-1,Heterobasidion_annosum_TC_32-1.Hetan2.v2.aa.fasta,Heterobasidion_annosum_TC_32-1.Hetan2.v2.fasta,Heteanno,Fungi;Basidiomycota;Agaricomycetes;Russulales;Bondarzewiaceae;Heterobasidion
Heterogastridium pycnidioideum,ATCC_MYA-4631,Heterogastridium_pycnidioideum_ATCC_MYA-4631.Hetpy1.v1.aa.fasta,Heterogastridium_pycnidioideum_ATCC_MYA-4631.Hetpy1.v1.fasta,Hetepycn,Fungi;Basidiomycota;Microbotryomycetes;Heterogastridiales;Heterogastridiaceae;Heterogastridium
Hortaea werneckii,EXF-2000,Hortaea_werneckii_EXF-2000.v2_M0.aa.fasta,Hortaea_werneckii_EXF-2000.v2_M0.fasta,Hortwern,Fungi;Ascomycota;Dothideomycetes;Mycosphaerellales;Teratosphaeriaceae;Hortaea
Hymenoscyphus fraxineus,KW1,Hymenoscyphus_fraxineus_KW1.v1.aa.fasta,Hymenoscyphus_fraxineus_KW1.v1.fasta,Hymefrax,Fungi;Ascomycota;Leotiomycetes;Helotiales;Helotiaceae;Hymenoscyphus
Hypholoma sublateritium,,Hypholoma_sublateritium.Hypsu1.v1.aa.fasta,Hypholoma_sublateritium.Hypsu1.v1.fasta,Hyphsubl,Fungi;Basidiomycota;Agaricomycetes;Agaricales;Strophariaceae;Hypholoma
Hysterium pulicare,CBS_123377,Hysterium_pulicare_CBS_123377.Hyspu1_1.aa.fasta,Hysterium_pulicare_CBS_123377.Hyspu1_1.fasta,Hystpuli,Fungi;Ascomycota;Dothideomycetes;Hysteriales;Hysteriaceae;Hysterium
Jaapia argillacea,MUCL_33604,Jaapia_argillacea_MUCL_33604.Jaaar1.v1.aa.fasta,Jaapia_argillacea_MUCL_33604.Jaaar1.v1.fasta,Jaapargi,Fungi;Basidiomycota;Agaricomycetes;Jaapiales;Jaapiaceae;Jaapia
Karstenula rhodostoma,CBS_690,Karstenula_rhodostoma_CBS_690.94.Karrh1.v1.aa.fasta,Karstenula_rhodostoma_CBS_690.94.Karrh1.v1.fasta,Karsrhod,Fungi;Ascomycota;Dothideomycetes;Pleosporales;Didymosphaeriaceae;Karstenula
Kazachstania africana,CBS_2517,Kazachstania_africana_CBS_2517.aa.fasta,Kazachstania_africana_CBS_2517.fasta,Kazaafri,Fungi;Ascomycota;Saccharomycetes;Saccharomycetales;Saccharomycetaceae;Kazachstania
Kluyveromyces lactis,NRRL_Y-1140,Kluyveromyces_lactis_NRRL_Y-1140.aa.fasta,Kluyveromyces_lactis_NRRL_Y-1140.fasta,Kluylact,Fungi;Ascomycota;Saccharomycetes;Saccharomycetales;Saccharomycetaceae;Kluyveromyces
Komagataella pastoris,GS115,Komagataella_pastoris_GS115.aa.fasta,Komagataella_pastoris_GS115.fasta,Komapast,Fungi;Ascomycota;Pichiomycetes;Pichiales;Pichiaceae;Komagataella
Kuraishia capsulata,CBS_1993,Kuraishia_capsulata_CBS_1993.aa.fasta,Kuraishia_capsulata_CBS_1993.fasta,Kuracaps,Fungi;Ascomycota;Pichiomycetes;Pichiales;Pichiaceae;Kuraishia
Laccaria amethystina,LaAM-08-1,Laccaria_amethystina_LaAM-08-1.Lacam1.v1.aa.fasta,Laccaria_amethystina_LaAM-08-1.Lacam1.v1.fasta,Laccamet,Fungi;Basidiomycota;Agaricomycetes;Agaricales;Hydnangiaceae;Laccaria
Laccaria bicolor,S238N-H82,Laccaria_bicolor_S238N-H82.Lacbi2.v2.aa.fasta,Laccaria_bicolor_S238N-H82.Lacbi2.v2.fasta,Laccbico,Fungi;Basidiomycota;Agaricomycetes;Agaricales;Hydnangiaceae;Laccaria
Lentinus tigrinus,ALCF2SS1-6,Lentinus_tigrinus_ALCF2SS1-6.Lenti6_1.v1.aa.fasta,Lentinus_tigrinus_ALCF2SS1-6.Lenti6_1.v1.fasta,Lenttigr,Fungi;Basidiomycota;Agaricomycetes;Polyporales;Polyporaceae;Lentinus
Lentithecium fluviatile,CBS_122367,Lentithecium_fluviatile_CBS_122367.Lenfl1.v1.aa.fasta,Lentithecium_fluviatile_CBS_122367.Lenfl1.v1.fasta,Lentfluv,Fungi;Ascomycota;Dothideomycetes;Pleosporales;Lentitheciaceae;Lentithecium
Lepidopterella palustris,,Lepidopterella_palustris.Leppa1.v1.aa.fasta,Lepidopterella_palustris.Leppa1.v1.fasta,Lepipalu,Fungi;Ascomycota;Dothideomycetes;Mytilinidiales;Argynnaceae;Lepidopterella
Leucogyrophana mollusca,KUC20120723A-06,Leucogyrophana_mollusca_KUC20120723A-06.Leumo1.v1.aa.fasta,Leucogyrophana_mollusca_KUC20120723A-06.Leumo1.v1.fasta,Leucmoll,Fungi;Basidiomycota;Agaricomycetes;Boletales;Leucogyrophana
Lichtheimia corymbifera,FSU_9682,Lichtheimia_corymbifera_FSU_9682.aa.fasta,Lichtheimia_corymbifera_FSU_9682.fasta,Lichcory,Fungi;Mucoromycota;Mucoromycetes;Mucorales;Lichtheimiaceae;Lichtheimia
Lichtheimia hyalospora,FSU_10163,Lichtheimia_hyalospora_FSU_10163.Lichy1.v1.aa.fasta,Lichtheimia_hyalospora_FSU_10163.Lichy1.v1.fasta,Lichhyal,Fungi;Mucoromycota;Mucoromycetes;Mucorales;Lichtheimiaceae;Lichtheimia
Linderina pennispora,ATCC_12442,Linderina_pennispora_ATCC_12442.Linpe1.v1.aa.fasta,Linderina_pennispora_ATCC_12442.Linpe1.v1.fasta,Lindpenn,Fungi;Kickxellomycota;Kickxellomycetes;Kickxellales;Kickxellaceae;Linderina
Lodderomyces elongisporus,NRRL_YB-4239,Lodderomyces_elongisporus_NRRL_YB-4239.aa.fasta,Lodderomyces_elongisporus_NRRL_YB-4239.fasta,Loddelon,Fungi;Ascomycota;Pichiomycetes;Serinales;Debaryomycetaceae;Lodderomyces
Lophiostoma macrostomum,CBS_122681,Lophiostoma_macrostomum_CBS_122681.Lopma1.v1.aa.fasta,Lophiostoma_macrostomum_CBS_122681.Lopma1.v1.fasta,Lophmacr,Fungi;Ascomycota;Dothideomycetes;Pleosporales;Lophiostomataceae;Lophiostoma
Lophium mytilinum,CBS_269,Lophium_mytilinum_CBS_269.34.Lopmy1.v1.aa.fasta,Lophium_mytilinum_CBS_269.34.Lopmy1.v1.fasta,Lophmyti,Fungi;Ascomycota;Dothideomycetes;Mytilinidiales;Mytilinidiaceae;Lophium
Macrolepiota fuliginosa,,Macrolepiota_fuliginosa.Macfu1.v1.aa.fasta,Macrolepiota_fuliginosa.Macfu1.v1.fasta,Macrfuli,Fungi;Basidiomycota;Agaricomycetes;Agaricales;Agaricaceae;Macrolepiota
Malassezia globosa,,Malassezia_globosa.aa.fasta,Malassezia_globosa.fasta,Malaglob,Fungi;Basidiomycota;Malasseziomycetes;Malasseziales;Malasseziaceae;Malassezia
Martensiomyces pterosporus,CBS_209,Martensiomyces_pterosporus_CBS_209.56.Marpt1.v1.aa.fasta,Martensiomyces_pterosporus_CBS_209.56.Marpt1.v1.fasta,Martpter,Fungi;Kickxellomycota;Kickxellomycetes;Kickxellales;Kickxellaceae;Martensiomyces
Meira miltonrushii,CBS_12591,Meira_miltonrushii_CBS_12591.Meimi1.v1.aa.fasta,Meira_miltonrushii_CBS_12591.Meimi1.v1.fasta,Meirmilt,Fungi;Basidiomycota;Exobasidiomycetes;Exobasidiales;Brachybasidiaceae;Meira
Melampsora laricis-populina,98AG31,Melampsora_laricis-populina_98AG31.Mellp1.v1.aa.fasta,Melampsora_laricis-populina_98AG31.Mellp1.v1.fasta,Melalari,Fungi;Basidiomycota;Pucciniomycetes;Pucciniales;Melampsoraceae;Melampsora
Melanomma pulvis-pyrius,CBS_109,Melanomma_pulvis-pyrius_CBS_109.77.Melpu1.v1.aa.fasta,Melanomma_pulvis-pyrius_CBS_109.77.Melpu1.v1.fasta,Melapulv,Fungi;Ascomycota;Dothideomycetes;Pleosporales;Melanommataceae;Melanomma
Metarhizium anisopliae,ARSEF_23,Metarhizium_anisopliae_ARSEF_23.aa.fasta,Metarhizium_anisopliae_ARSEF_23.fasta,Metaanis,Fungi;Ascomycota;Sordariomycetes;Hypocreales;Clavicipitaceae;Metarhizium
Meyerozyma guilliermondii,ATCC_6260,Meyerozyma_guilliermondii_ATCC_6260.aa.fasta,Meyerozyma_guilliermondii_ATCC_6260.fasta,Meyeguil,Fungi;Ascomycota;Pichiomycetes;Serinales;Debaryomycetaceae;Meyerozyma
Microbotryum violaceum,p1A1_Lamole,Microbotryum_violaceum_p1A1_Lamole.aa.fasta,Microbotryum_violaceum_p1A1_Lamole.fasta,Micrviol,Fungi;Basidiomycota;Microbotryomycetes;Microbotryales;Microbotryaceae;Microbotryum
Millerozyma farinosa,CBS_7064,Millerozyma_farinosa_CBS_7064.aa.fasta,Millerozyma_farinosa_CBS_7064.fasta,Millfari,Fungi;Ascomycota;Pichiomycetes;Serinales;Debaryomycetaceae;Millerozyma
Mixia osmundae,IAM_14324,Mixia_osmundae_IAM_14324.Mixos1.v1.aa.fasta,Mixia_osmundae_IAM_14324.Mixos1.v1.fasta,Mixiosmu,Fungi;Basidiomycota;Mixiomycetes;Mixiales;Mixiaceae;Mixia
Monascus purpureus,NRRL_1596,Monascus_purpureus_NRRL_1596.Monpu1.v1.aa.fasta,Monascus_purpureus_NRRL_1596.Monpu1.v1.fasta,Monapurp,Fungi;Ascomycota;Eurotiomycetes;Eurotiales;Aspergillaceae;Monascus
Monascus ruber,NRRL_1597,Monascus_ruber_NRRL_1597.Monru1.v1.aa.fasta,Monascus_ruber_NRRL_1597.Monru1.v1.fasta,Monarube,Fungi;Ascomycota;Eurotiomycetes;Eurotiales;Aspergillaceae;Monascus
Morchella conica,CCBAS932,Morchella_conica_CCBAS932.Morco1.v1.aa.fasta,Morchella_conica_CCBAS932.Morco1.v1.fasta,Morcconi,Fungi;Ascomycota;Pezizomycetes;Pezizales;Morchellaceae;Morchella
Mucor circinelloides,CBS277,Mucor_circinelloides_CBS277.49.Mucci2.v2.aa.fasta,Mucor_circinelloides_CBS277.49.Mucci2.v2.fasta,Mucocirc,Fungi;Mucoromycota;Mucoromycetes;Mucorales;Mucoraceae;Mucor
Myriangium duriaei,CBS_260,Myriangium_duriaei_CBS_260.36.Myrdu1.v1.aa.fasta,Myriangium_duriaei_CBS_260.36.Myrdu1.v1.fasta,Myriduri,Fungi;Ascomycota;Dothideomycetes;Myriangiales;Myriangiaceae;Myriangium
Nakaseomyces delphensis,CBS_2170,Nakaseomyces_delphensis_CBS_2170.aa.fasta,Nakaseomyces_delphensis_CBS_2170.fasta,Nakadelp,Fungi;Ascomycota;Saccharomycetes;Saccharomycetales;Saccharomycetaceae;Nakaseomyces
Nematocida parisii,ERTm1,Nematocida_parisii_ERTm1.Nempa1.aa.fasta,Nematocida_parisii_ERTm1.Nempa1.fasta,Nemapari,Fungi;Microsporidia;Nematocida
Neolecta irregularis,DAH-1,Neolecta_irregularis_DAH-1.v1.aa.fasta,Neolecta_irregularis_DAH-1.v1.fasta,Neolirre,Fungi;Ascomycota;Neolectomycetes;Neolectales;Neolectaceae;Neolecta
Neolentinus lepideus,HHB14362_ss-1,Neolentinus_lepideus_HHB14362_ss-1.Neole1.v1.aa.fasta,Neolentinus_lepideus_HHB14362_ss-1.Neole1.v1.fasta,Neollepi,Fungi;Basidiomycota;Agaricomycetes;Gloeophyllales;Gloeophyllaceae;Neolentinus
Neurospora crassa,OR74A,Neurospora_crassa_OR74A.aa.fasta,Neurospora_crassa_OR74A.fasta,Neurcras,Fungi;Ascomycota;Sordariomycetes;Sordariales;Sordariaceae;Neurospora
Ogataea parapolymorpha,DL-1,Ogataea_parapolymorpha_DL-1.aa.fasta,Ogataea_parapolymorpha_DL-1.fasta,Ogatpara,Fungi;Ascomycota;Pichiomycetes;Pichiales;Pichiaceae;Ogataea
Oidiodendron maius,Zn,Oidiodendron_maius_Zn.Oidma1.v1.aa.fasta,Oidiodendron_maius_Zn.Oidma1.v1.fasta,Oidimaiu,Fungi;Ascomycota;Leotiomycetes;Myxotrichaceae;Oidiodendron
Omphalotus olearius,VT_653,Omphalotus_olearius_VT_653.13.Ompol1.aa.fasta,Omphalotus_olearius_VT_653.13.Ompol1.fasta,Ompholea,Fungi;Basidiomycota;Agaricomycetes;Agaricales;Omphalotaceae;Omphalotus
Ophiostoma piceae,UAMH_11346,Ophiostoma_piceae_UAMH_11346.aa.fasta,Ophiostoma_piceae_UAMH_11346.fasta,Ophipice,Fungi;Ascomycota;Sordariomycetes;Ophiostomatales;Ophiostomataceae;Ophiostoma
Paracoccidioides brasiliensis,Pb18,Paracoccidioides_brasiliensis_Pb18.aa.fasta,Paracoccidioides_brasiliensis_Pb18.fasta,Parabras,Fungi;Ascomycota;Eurotiomycetes;Onygenales;Ajellomycetaceae;Paracoccidioides
Patellaria atrata,CBS_101060,Patellaria_atrata_CBS_101060.Patat1.v1.aa.fasta,Patellaria_atrata_CBS_101060.Patat1.v1.fasta,Pateatra,Fungi;Ascomycota;Dothideomycetes;Patellariales;Patellariaceae;Patellaria
Paxillus involutus,ATCC_200175,Paxillus_involutus_ATCC_200175.Paxin1.v1.aa.fasta,Paxillus_involutus_ATCC_200175.Paxin1.v1.fasta,Paxiinvo,Fungi;Basidiomycota;Agaricomycetes;Boletales;Paxillaceae;Paxillus
Penicillium chrysogenum,Wisconsin_54-1255,Penicillium_chrysogenum_Wisconsin_54-1255.aa.fasta,Penicillium_chrysogenum_Wisconsin_54-1255.fasta,Penichry,Fungi;Ascomycota;Eurotiomycetes;Eurotiales;Aspergillaceae;Penicillium
Periconia macrospinosa,DSE2036,Periconia_macrospinosa_DSE2036.Perma1.v1.aa.fasta,Periconia_macrospinosa_DSE2036.Perma1.v1.fasta,Perimacr,Fungi;Ascomycota;Dothideomycetes;Pleosporales;Periconiaceae;Periconia
Phlebiopsis gigantea,11061_1_CR5-6,Phlebiopsis_gigantea_11061_1_CR5-6.Phlgi1.v1.aa.fasta,Phlebiopsis_gigantea_11061_1_CR5-6.Phlgi1.v1.fasta,Phlegiga,Fungi;Basidiomycota;Agaricomycetes;Polyporales;Phanerochaetaceae;Phlebiopsis
Phycomyces blakesleeanus,NRRL_1555,Phycomyces_blakesleeanus_NRRL_1555.Phybl2.v2.aa.fasta,Phycomyces_blakesleeanus_NRRL_1555.Phybl2.v2.fasta,Phycblak,Fungi;Mucoromycota;Mucoromycetes;Mucorales;Phycomycetaceae;Phycomyces
Pichia kudriavzevii,SD108,Pichia_kudriavzevii_SD108.v1.aa.fasta,Pichia_kudriavzevii_SD108.v1.fasta,Pichkudr,Fungi;Ascomycota;Pichiomycetes;Pichiales;Pichiaceae;Pichia
Piedraia hortae,CBS_480,Piedraia_hortae_CBS_480.64.Pieho1_1.v1.1.aa.fasta,Piedraia_hortae_CBS_480.64.Pieho1_1.v1.1.fasta,Piedhort,Fungi;Ascomycota;Dothideomycetes;Capnodiales;Piedraiaceae;Piedraia
Piloderma croceum,F_1598,Piloderma_croceum_F_1598.Pilcr1.v1.aa.fasta,Piloderma_croceum_F_1598.Pilcr1.v1.fasta,Pilocroc,Fungi;Basidiomycota;Agaricomycetes;Atheliales;Atheliaceae;Piloderma
Piptocephalis cylindrospora,,Piptocephalis_cylindrospora.Pipcy2.v2.aa.fasta,Piptocephalis_cylindrospora.Pipcy2.v2.fasta,Piptcyli,Fungi;Zoopagomycota;Zoopagomycetes;Zoopagales;Piptocephalidaceae;Piptocephalis
Pisolithus tinctorius,Marx_270,Pisolithus_tinctorius_Marx_270.Pisti1.v1.aa.fasta,Pisolithus_tinctorius_Marx_270.Pisti1.v1.fasta,Pisotinc,Fungi;Basidiomycota;Agaricomycetes;Boletales;Pisolithaceae;Pisolithus
Pleomassaria siparia,CBS_279,Pleomassaria_siparia_CBS_279.74.Plesi1.v1.aa.fasta,Pleomassaria_siparia_CBS_279.74.Plesi1.v1.fasta,Pleosipa,Fungi;Ascomycota;Dothideomycetes;Pleosporales;Pleomassariaceae;Pleomassaria
Pleurotus ostreatus,PC15,Pleurotus_ostreatus_PC15.PleosPC15_2.v2.aa.fasta,Pleurotus_ostreatus_PC15.PleosPC15_2.v2.fasta,Pleuostr,Fungi;Basidiomycota;Agaricomycetes;Agaricales;Pleurotaceae;Pleurotus
Pneumocystis jirovecii,SE8,Pneumocystis_jirovecii_SE8.aa.fasta,Pneumocystis_jirovecii_SE8.fasta,Pneujiro,Fungi;Ascomycota;Pneumocystomycetes;Pneumocystales;Pneumocystaceae;Pneumocystis
Podospora anserina,S_mat+,Podospora_anserina_S_mat+.Podan2.aa.fasta,Podospora_anserina_S_mat+.Podan2.fasta,Podoanse,Fungi;Ascomycota;Sordariomycetes;Sordariales;Podosporaceae;Podospora
Polychaeton citri,CBS_116435,Polychaeton_citri_CBS_116435.Polci1.v1.aa.fasta,Polychaeton_citri_CBS_116435.Polci1.v1.fasta,Polycitr,Fungi;Ascomycota;Dothideomycetes;Capnodiales;Capnodiaceae;Polychaeton
Polyplosphaeria fusca,CBS_125425,Polyplosphaeria_fusca_CBS_125425.Polfu1.v1.aa.fasta,Polyplosphaeria_fusca_CBS_125425.Polfu1.v1.fasta,Polyfusc,Fungi;Ascomycota;Dothideomycetes;Pleosporales;Tetraplosphaeriaceae;Polyplosphaeria
Protomyces inouyei,,Protomyces_inouyei.aa.fasta,Protomyces_inouyei.fasta,Protinou,Fungi;Ascomycota;Taphrinomycetes;Taphrinales;Protomycetaceae;Protomyces
Pseudogymnoascus destructans,20631-21,Pseudogymnoascus_destructans_20631-21.aa.fasta,Pseudogymnoascus_destructans_20631-21.fasta,Pseudest,Fungi;Ascomycota;Leotiomycetes;Thelebolales;Thelebolaceae;Pseudogymnoascus
Puccinia graminis,f,Puccinia_graminis_f._sp._tritici_CRL_75-36-700-3.aa.fasta,Puccinia_graminis_f._sp._tritici_CRL_75-36-700-3.fasta,Puccgram,Fungi;Basidiomycota;Pucciniomycetes;Pucciniales;Pucciniaceae;Puccinia
Puccinia striiformis,f_sp_tritici_PST-130,Puccinia_striiformis_f_sp_tritici_PST-130.Pucst1.aa.fasta,Puccinia_striiformis_f_sp_tritici_PST-130.Pucst1.fasta,Puccstri,Fungi;Basidiomycota;Pucciniomycetes;Pucciniales;Pucciniaceae;Puccinia
Punctularia strigosozonata,HHB-11173_SS5,Punctularia_strigosozonata_HHB-11173_SS5.aa.fasta,Punctularia_strigosozonata_HHB-11173_SS5.fasta,Puncstri,Fungi;Basidiomycota;Agaricomycetes;Corticiales;Punctulariaceae;Punctularia
Pyrenophora tritici-repentis,,Pyrenophora_tritici-repentis.aa.fasta,Pyrenophora_tritici-repentis.fasta,Pyretrit,Fungi;Ascomycota;Dothideomycetes;Pleosporales;Pleosporaceae;Pyrenophora
Ramaria rubella,UT-36052-T,Ramaria_rubella_UT-36052-T.Ramac1.v1.aa.fasta,Ramaria_rubella_UT-36052-T.Ramac1.v1.fasta,Ramarube,Fungi;Basidiomycota;Agaricomycetes;Gomphales;Gomphaceae;Ramaria
Ramicandelaber brevisporus,CBS_109374,Ramicandelaber_brevisporus_CBS_109374.Rambr1.v1.aa.fasta,Ramicandelaber_brevisporus_CBS_109374.Rambr1.v1.fasta,Ramibrev,Fungi;Kickxellomycota;Ramicandelaberales;Ramicandelaberaceae;Ramicandelaber
Rhizoctonia solani,AG-1_IA,Rhizoctonia_solani_AG-1_IA.aa.fasta,Rhizoctonia_solani_AG-1_IA.fasta,Rhizsola,Fungi;Basidiomycota;Agaricomycetes;Cantharellales;Ceratobasidiaceae;Rhizoctonia
Rhizoctonia solani,AG-1_IB,Rhizoctonia_solani_AG-1_IB.Rhiso1.aa.fasta,Rhizoctonia_solani_AG-1_IB.Rhiso1.fasta,Rhizsol2,Fungi;Basidiomycota;Agaricomycetes;Cantharellales;Ceratobasidiaceae;Rhizoctonia
Rhizophagus irregularis,DAOM_181602,Rhizophagus_irregularis_DAOM_181602.Gloin1.v1.aa.fasta,Rhizophagus_irregularis_DAOM_181602.Gloin1.v1.fasta,Rhizirre,Fungi;Glomeromycota;Glomeromycetes;Glomerales;Glomeraceae;Rhizophagus
Rhizopogon salebrosus,TDB-379,Rhizopogon_salebrosus_TDB-379.Rhisa1.v1.aa.fasta,Rhizopogon_salebrosus_TDB-379.Rhisa1.v1.fasta,Rhizsale,Fungi;Basidiomycota;Agaricomycetes;Boletales;Rhizopogonaceae;Rhizopogon
Rhizopogon vinicolor,AM-OR11-026,Rhizopogon_vinicolor_AM-OR11-026.Rhivi1.v1.aa.fasta,Rhizopogon_vinicolor_AM-OR11-026.Rhivi1.v1.fasta,Rhizvini,Fungi;Basidiomycota;Agaricomycetes;Boletales;Rhizopogonaceae;Rhizopogon
Rhizopus delemar,RA_99-880,Rhizopus_delemar_RA_99-880.aa.fasta,Rhizopus_delemar_RA_99-880.fasta,Rhizdele,Fungi;Mucoromycota;Mucoromycetes;Mucorales;Rhizopodaceae;Rhizopus
Rhizopus microsporus,var_chinensis_CCTCC_M201021,Rhizopus_microsporus_var_chinensis_CCTCC_M201021.Rhich1.aa.fasta,Rhizopus_microsporus_var_chinensis_CCTCC_M201021.Rhich1.fasta,Rhizmicr,Fungi;Mucoromycota;Mucoromycetes;Mucorales;Rhizopodaceae;Rhizopus
Rhizopus microsporus,var_microsporus_ATCC_52813,Rhizopus_microsporus_var_microsporus_ATCC_52813.Rhimi1_1.v1.aa.fasta,Rhizopus_microsporus_var_microsporus_ATCC_52813.Rhimi1_1.v1.fasta,Rhizmic2,Fungi;Mucoromycota;Mucoromycetes;Mucorales;Rhizopodaceae;Rhizopus
Rhodotorula graminis,WP1,Rhodotorula_graminis_WP1.Rhoba1_1.v1.1.aa.fasta,Rhodotorula_graminis_WP1.Rhoba1_1.v1.1.fasta,Rhodgram,Fungi;Basidiomycota;Microbotryomycetes;Sporidiobolales;Sporidiobolaceae;Rhodotorula
Rhytidhysteron rufulum,CBS_306,Rhytidhysteron_rufulum_CBS_306.38.Rhyru1_1.aa.fasta,Rhytidhysteron_rufulum_CBS_306.38.Rhyru1_1.fasta,Rhytrufu,Fungi;Ascomycota;Dothideomycetes;Hysteriales;Hysteriaceae;Rhytidhysteron
Rozella allomycis,CSF55,Rozella_allomycis_CSF55.aa.fasta,Rozella_allomycis_CSF55.fasta,Rozeallo,Fungi;Rozellomycota;Rozella
Saccharata proteae,CBS_121410,Saccharata_proteae_CBS_121410.Sacpr1.v1.aa.fasta,Saccharata_proteae_CBS_121410.Sacpr1.v1.fasta,Saccprot,Fungi;Ascomycota;Dothideomycetes;Botryosphaeriales;Saccharataceae;Saccharata
Saccharomyces cerevisiae,S288C,Saccharomyces_cerevisiae_S288C.vR64-2-1.aa.fasta,Saccharomyces_cerevisiae_S288C.vR64-2-1.fasta,Sacccere,Fungi;Ascomycota;Saccharomycetes;Saccharomycetales;Saccharomycetaceae;Saccharomyces
Saitoella complicata,NRRL_Y-17804,Saitoella_complicata_NRRL_Y-17804.Saico1.v1.aa.fasta,Saitoella_complicata_NRRL_Y-17804.Saico1.v1.fasta,Saitcomp,Fungi;Ascomycota;Saitoellomycetes;Saitoellales;Saitoellaceae;Saitoella
Saksenaea vasiformis,B4078,Saksenaea_vasiformis_B4078.aa.fasta,Saksenaea_vasiformis_B4078.fasta,Saksvasi,Fungi;Mucoromycota;Mucoromycetes;Mucorales;Saksenaeaceae;Saksenaea
Schizophyllum commune,H4-8,Schizophyllum_commune_H4-8.Schco3.v3.aa.fasta,Schizophyllum_commune_H4-8.Schco3.v3.fasta,Schicomm,Fungi;Basidiomycota;Agaricomycetes;Agaricales;Schizophyllaceae;Schizophyllum
Schizopora paradoxa,KUC8140,Schizopora_paradoxa_KUC8140.Schpa1.v1.aa.fasta,Schizopora_paradoxa_KUC8140.Schpa1.v1.fasta,Schipara,Fungi;Basidiomycota;Agaricomycetes;Hymenochaetales;Schizoporaceae;Schizopora
Schizosaccharomyces octosporus,yFS286,Schizosaccharomyces_octosporus_yFS286.aa.fasta,Schizosaccharomyces_octosporus_yFS286.fasta,Schiocto,Fungi;Ascomycota;Schizosaccharomycetes;Schizosaccharomycetales;Schizosaccharomycetaceae;Schizosaccharomyces
Schizosaccharomyces pombe,972h-,Schizosaccharomyces_pombe_972h-.vASM294v2.aa.fasta,Schizosaccharomyces_pombe_972h-.vASM294v2.fasta,Schipomb,Fungi;Ascomycota;Schizosaccharomycetes;Schizosaccharomycetales;Schizosaccharomycetaceae;Schizosaccharomyces
Scleroderma citrinum,Foug_A,Scleroderma_citrinum_Foug_A.Sclci1.v1.aa.fasta,Scleroderma_citrinum_Foug_A.Sclci1.v1.fasta,Sclecitr,Fungi;Basidiomycota;Agaricomycetes;Boletales;Sclerodermataceae;Scleroderma
Sclerotinia sclerotiorum,1980_UF-70,Sclerotinia_sclerotiorum_1980_UF-70.aa.fasta,Sclerotinia_sclerotiorum_1980_UF-70.fasta,Sclescle,Fungi;Ascomycota;Leotiomycetes;Helotiales;Sclerotiniaceae;Sclerotinia
Serpula lacrymans,S7,Serpula_lacrymans_S7.9.SerlaS7_9_2.v2.aa.fasta,Serpula_lacrymans_S7.9.SerlaS7_9_2.v2.fasta,Serplacr,Fungi;Basidiomycota;Agaricomycetes;Boletales;Serpulaceae;Serpula
Sistotremastrum suecicum,HHB10207_ss-3,Sistotremastrum_suecicum_HHB10207_ss-3.Sissu1.v1.aa.fasta,Sistotremastrum_suecicum_HHB10207_ss-3.Sissu1.v1.fasta,Sistsuec,Fungi;Basidiomycota;Agaricomycetes;Sistotremastrales;Sistotremastraceae;Sistotremastrum
Sordaria macrospora,k-hell,Sordaria_macrospora_k-hell.aa.fasta,Sordaria_macrospora_k-hell.fasta,Sordmacr,Fungi;Ascomycota;Sordariomycetes;Sordariales;Sordariaceae;Sordaria
Spathaspora passalidarum,NRRL_Y-27907,Spathaspora_passalidarum_NRRL_Y-27907.Spapa3.v2.aa.fasta,Spathaspora_passalidarum_NRRL_Y-27907.Spapa3.v2.fasta,Spatpass,Fungi;Ascomycota;Pichiomycetes;Serinales;Debaryomycetaceae;Spathaspora
Sphaerobolus stellatus,SS14,Sphaerobolus_stellatus_SS14.Sphst1.v1.aa.fasta,Sphaerobolus_stellatus_SS14.Sphst1.v1.fasta,Sphastel,Fungi;Basidiomycota;Agaricomycetes;Geastrales;Sphaerobolaceae;Sphaerobolus
Sphaerulina musiva,SO2202,Sphaerulina_musiva_SO2202.aa.fasta,Sphaerulina_musiva_SO2202.fasta,Sphamusi,Fungi;Ascomycota;Dothideomycetes;Mycosphaerellales;Mycosphaerellaceae;Sphaerulina
Spizellomyces punctatus,DAOM_BR117,Spizellomyces_punctatus_DAOM_BR117.v1.aa.fasta,Spizellomyces_punctatus_DAOM_BR117.v1.fasta,Spizpunc,Fungi;Chytridiomycota;Chytridiomycetes;Spizellomycetales;Spizellomycetaceae;Spizellomyces
Sporisorium reilianum,SRZ2,Sporisorium_reilianum_SRZ2.Spore1.aa.fasta,Sporisorium_reilianum_SRZ2.Spore1.fasta,Sporreil,Fungi;Basidiomycota;Ustilaginomycetes;Ustilaginales;Ustilaginaceae;Sporisorium
Sporobolomyces roseus,CBS_119925,Sporobolomyces_roseus_CBS_119925.Sporo1.v1.aa.fasta,Sporobolomyces_roseus_CBS_119925.Sporo1.v1.fasta,Sporrose,Fungi;Basidiomycota;Microbotryomycetes;Sporidiobolales;Sporidiobolaceae;Sporobolomyces
Sporormia fimetaria,,Sporormia_fimetaria.Spofi1.v1.aa.fasta,Sporormia_fimetaria.Spofi1.v1.fasta,Sporfime,Fungi;Ascomycota;Dothideomycetes;Pleosporales;Sporormiaceae;Sporormia
Stereum hirsutum,FP-91666_SS1,Stereum_hirsutum_FP-91666_SS1.Stehi1.v1.aa.fasta,Stereum_hirsutum_FP-91666_SS1.Stehi1.v1.fasta,Sterhirs,Fungi;Basidiomycota;Agaricomycetes;Russulales;Stereaceae;Stereum
Suillus brevipes,,Suillus_brevipes.Suibr1.v1.aa.fasta,Suillus_brevipes.Suibr1.v1.fasta,Suilbrev,Fungi;Basidiomycota;Agaricomycetes;Boletales;Suillaceae;Suillus
Suillus luteus,UH-Slu-Lm8-n1,Suillus_luteus_UH-Slu-Lm8-n1.Suilu1.v1.aa.fasta,Suillus_luteus_UH-Slu-Lm8-n1.Suilu1.v1.fasta,Suillute,Fungi;Basidiomycota;Agaricomycetes;Boletales;Suillaceae;Suillus
Talaromyces marneffei,ATCC_18224,Talaromyces_marneffei_ATCC_18224.aa.fasta,Talaromyces_marneffei_ATCC_18224.fasta,Talamarn,Fungi;Ascomycota;Eurotiomycetes;Eurotiales;Trichocomaceae;Talaromyces
Talaromyces stipitatus,ATCC_10500,Talaromyces_stipitatus_ATCC_10500.aa.fasta,Talaromyces_stipitatus_ATCC_10500.fasta,Talastip,Fungi;Ascomycota;Eurotiomycetes;Eurotiales;Trichocomaceae;Talaromyces
Terfezia boudieri,S1,Terfezia_boudieri_S1.Terbo2.v1.1.aa.fasta,Terfezia_boudieri_S1.Terbo2.v1.1.fasta,Terfboud,Fungi;Ascomycota;Pezizomycetes;Pezizales;Pezizaceae;Terfezia
Testicularia cyperi,MCA_3645,Testicularia_cyperi_MCA_3645.Tescy1.v1.aa.fasta,Testicularia_cyperi_MCA_3645.Tescy1.v1.fasta,Testcype,Fungi;Basidiomycota;Ustilaginomycetes;Ustilaginales;Anthracoideaceae;Testicularia
Tetrapisispora phaffii,CBS_4417,Tetrapisispora_phaffii_CBS_4417.aa.fasta,Tetrapisispora_phaffii_CBS_4417.fasta,Tetrphaf,Fungi;Ascomycota;Saccharomycetes;Saccharomycetales;Saccharomycetaceae;Tetrapisispora
Thermoascus aurantiacus,ATCC26904,Thermoascus_aurantiacus_ATCC26904.Theau1.v1.aa.fasta,Thermoascus_aurantiacus_ATCC26904.Theau1.v1.fasta,Theraura,Fungi;Ascomycota;Eurotiomycetes;Eurotiales;Thermoascaceae;Thermoascus
Thermomyces lanuginosus,SSBP,Thermomyces_lanuginosus_SSBP.aa.fasta,Thermomyces_lanuginosus_SSBP.fasta,Therlanu,Fungi;Ascomycota;Eurotiomycetes;Eurotiales;Trichocomaceae;Thermomyces
Tilletiaria anomala,UBC_951,Tilletiaria_anomala_UBC_951.Tilan2.v1.aa.fasta,Tilletiaria_anomala_UBC_951.Tilan2.v1.fasta,Tillanom,Fungi;Basidiomycota;Exobasidiomycetes;Georgefischeriales;Tilletiariaceae;Tilletiaria
Tolypocladium inflatum,NRRL_8044,Tolypocladium_inflatum_NRRL_8044.v1.aa.fasta,Tolypocladium_inflatum_NRRL_8044.v1.fasta,Tolyinfl,Fungi;Ascomycota;Sordariomycetes;Hypocreales;Ophiocordycipitaceae;Tolypocladium
Torulaspora delbrueckii,CBS_1146,Torulaspora_delbrueckii_CBS_1146.aa.fasta,Torulaspora_delbrueckii_CBS_1146.fasta,Torudelb,Fungi;Ascomycota;Saccharomycetes;Saccharomycetales;Saccharomycetaceae;Torulaspora
Tothia fuscella,CBS_130266,Tothia_fuscella_CBS_130266.Totfu1.v1.aa.fasta,Tothia_fuscella_CBS_130266.Totfu1.v1.fasta,Tothfusc,Fungi;Ascomycota;Dothideomycetes;Venturiales;Cylindrosympodiaceae;Tothia
Trametes versicolor,FP-101664_SS1,Trametes_versicolor_FP-101664_SS1.Trave1.v1.aa.fasta,Trametes_versicolor_FP-101664_SS1.Trave1.v1.fasta,Tramvers,Fungi;Basidiomycota;Agaricomycetes;Polyporales;Polyporaceae;Trametes
Trematosphaeria pertusa,CBS_122368,Trematosphaeria_pertusa_CBS_122368.Trepe1.v1.aa.fasta,Trematosphaeria_pertusa_CBS_122368.Trepe1.v1.fasta,Trempert,Fungi;Ascomycota;Dothideomycetes;Pleosporales;Trematosphaeriaceae;Trematosphaeria
Tremella mesenterica,Fries,Tremella_mesenterica_Fries.Treme1.v1.aa.fasta,Tremella_mesenterica_Fries.Treme1.v1.fasta,Tremmese,Fungi;Basidiomycota;Tremellomycetes;Tremellales;Tremellaceae;Tremella
Trichodelitschia bisporula,CBS_262,Trichodelitschia_bisporula_CBS_262.69.Tribi1.v1.aa.fasta,Trichodelitschia_bisporula_CBS_262.69.Tribi1.v1.fasta,Tricbisp,Fungi;Ascomycota;Dothideomycetes;Phaeotrichales;Phaeotrichaceae;Trichodelitschia
Trichoderma atroviride,IMI_206040,Trichoderma_atroviride_IMI_206040.Triat2.v2.aa.fasta,Trichoderma_atroviride_IMI_206040.Triat2.v2.fasta,Tricatro,Fungi;Ascomycota;Sordariomycetes;Hypocreales;Hypocreaceae;Trichoderma
Trichoderma virens,Gv29-8,Trichoderma_virens_Gv29-8.TriviGv29_8_2.v2.aa.fasta,Trichoderma_virens_Gv29-8.TriviGv29_8_2.v2.fasta,Tricvire,Fungi;Ascomycota;Sordariomycetes;Hypocreales;Hypocreaceae;Trichoderma
Tricholoma matsutake,945,Tricholoma_matsutake_945.Trima3.v3.aa.fasta,Tricholoma_matsutake_945.Trima3.v3.fasta,Tricmats,Fungi;Basidiomycota;Agaricomycetes;Agaricales;Tricholomataceae;Tricholoma
Trichophyton rubrum,CBS_118892,Trichophyton_rubrum_CBS_118892.aa.fasta,Trichophyton_rubrum_CBS_118892.fasta,Tricrubr,Fungi;Ascomycota;Eurotiomycetes;Onygenales;Arthrodermataceae;Trichophyton
Trichosporon asahii,var,Trichosporon_asahii_var._asahii_CBS_8904.aa.fasta,Trichosporon_asahii_var._asahii_CBS_8904.fasta,Tricasah,Fungi;Basidiomycota;Tremellomycetes;Trichosporonales;Trichosporonaceae;Trichosporon
Trypethelium eluteriae,,Trypethelium_eluteriae.Tryvi1.v1.aa.fasta,Trypethelium_eluteriae.Tryvi1.v1.fasta,Trypelut,Fungi;Ascomycota;Dothideomycetes;Trypetheliales;Trypetheliaceae;Trypethelium
Tuber melanosporum,,Tuber_melanosporum.Tubme1.aa.fasta,Tuber_melanosporum.Tubme1.fasta,Tubemela,Fungi;Ascomycota;Pezizomycetes;Pezizales;Tuberaceae;Tuber
Tulasnella calospora,AL13-4D,Tulasnella_calospora_AL13-4D.Tulca1.v1.aa.fasta,Tulasnella_calospora_AL13-4D.Tulca1.v1.fasta,Tulacalo,Fungi;Basidiomycota;Agaricomycetes;Cantharellales;Tulasnellaceae;Tulasnella
Umbelopsis ramanniana,NRRL_5844,Umbelopsis_ramanniana_NRRL_5844.Umbra1.v1.aa.fasta,Umbelopsis_ramanniana_NRRL_5844.Umbra1.v1.fasta,Umberama,Fungi;Mucoromycota;Umbelopsidomycetes;Umbelopsidales;Umbelopsidaceae;Umbelopsis
Uncinocarpus reesii,1704,Uncinocarpus_reesii_1704.aa.fasta,Uncinocarpus_reesii_1704.fasta,Uncirees,Fungi;Ascomycota;Eurotiomycetes;Onygenales;Onygenaceae;Uncinocarpus
Verticillium dahliae,JR2,Verticillium_dahliae_JR2.Verda1.v1.aa.fasta,Verticillium_dahliae_JR2.Verda1.v1.fasta,Vertdahl,Fungi;Ascomycota;Sordariomycetes;Glomerellales;Plectosphaerellaceae;Verticillium
Volvariella volvacea,V23,Volvariella_volvacea_V23.Volvo1.aa.fasta,Volvariella_volvacea_V23.Volvo1.fasta,Volvvolv,Fungi;Basidiomycota;Agaricomycetes;Agaricales;Pluteaceae;Volvariella
Wallemia ichthyophaga,EXF-994,Wallemia_ichthyophaga_EXF-994.aa.fasta,Wallemia_ichthyophaga_EXF-994.fasta,Wallicht,Fungi;Basidiomycota;Wallemiomycetes;Wallemiales;Wallemiaceae;Wallemia
Wilcoxina mikolae,CBS_423,Wilcoxina_mikolae_CBS_423.85.Wilmi1.v1.aa.fasta,Wilcoxina_mikolae_CBS_423.85.Wilmi1.v1.fasta,Wilcmiko,Fungi;Ascomycota;Pezizomycetes;Pezizales;Pyronemataceae;Wilcoxina
Wolfiporia cocos,MD-104_SS10,Wolfiporia_cocos_MD-104_SS10.Wolco1.v1.aa.fasta,Wolfiporia_cocos_MD-104_SS10.Wolco1.v1.fasta,Wolfcoco,Fungi;Basidiomycota;Agaricomycetes;Polyporales;Phaeolaceae;Wolfiporia
Xanthoria parietina,46-1,Xanthoria_parietina_46-1.Xanpa2.v1.1.aa.fasta,Xanthoria_parietina_46-1.Xanpa2.v1.1.fasta,Xantpari,Fungi;Ascomycota;Lecanoromycetes;Teloschistales;Teloschistaceae;Xanthoria
Xylona heveae,TC161,Xylona_heveae_TC161.Xylhe1.v1.aa.fasta,Xylona_heveae_TC161.Xylhe1.v1.fasta,Xyloheve,Fungi;Ascomycota;Xylonomycetes;Xylonales;Xylonaceae;Xylona
Yarrowia lipolytica,CLIB122,Yarrowia_lipolytica_CLIB122.aa.fasta,Yarrowia_lipolytica_CLIB122.fasta,Yarrlipo,Fungi;Ascomycota;Dipodascomycetes;Dipodascales;Yarrowia
Zasmidium cellare,ATCC_36951,Zasmidium_cellare_ATCC_36951.Zasce1.v1.aa.fasta,Zasmidium_cellare_ATCC_36951.Zasce1.v1.fasta,Zasmcell,Fungi;Ascomycota;Dothideomycetes;Mycosphaerellales;Mycosphaerellaceae;Zasmidium
Zopfia rhizophila,CBS_207,Zopfia_rhizophila_CBS_207.26.Zoprh1.v1.aa.fasta,Zopfia_rhizophila_CBS_207.26.Zoprh1.v1.fasta,Zopfrhiz,Fungi;Ascomycota;Dothideomycetes;Zopfiaceae;Zopfia
Zygosaccharomyces rouxii,CBS_732,Zygosaccharomyces_rouxii_CBS_732.aa.fasta,Zygosaccharomyces_rouxii_CBS_732.fasta,Zygoroux,Fungi;Ascomycota;Saccharomycetes;Saccharomycetales;Saccharomycetaceae;Zygosaccharomyces
Zymoseptoria pseudotritici,STIR04_4,Zymoseptoria_pseudotritici_STIR04_4.3.1.Zymps1.aa.fasta,Zymoseptoria_pseudotritici_STIR04_4.3.1.Zymps1.fasta,Zymopseu,Fungi;Ascomycota;Dothideomycetes;Mycosphaerellales;Mycosphaerellaceae;Zymoseptoria
