Allomacr	Allomyces_macrogynus_ATCC_38327.v3.aa.fasta
Amnilign	Amniculicola_lignicola_CBS_123094.Amnli1.v1.aa.fasta
Amorresi	Amorphotheca_resinae_ATCC_22711.Amore1.v1.aa.fasta
Aploprun	Aplosporella_prunicola_CBS_121.167.Aplpr1.v1.aa.fasta
Ascoapis	Ascosphaera_apis_ARSEF_7405.v1.aa.fasta
Ascoimme	Ascobolus_immersus_RN42.Ascim1.v1.aa.fasta
Asconigr	Ascodesmis_nigricans_CBS_389.68.Ascni1.v1.aa.fasta
Ascosarc	Ascocoryne_sarcoides_NRRL_50072.Ascsa1.aa.fasta
Aspefumi	Aspergillus_fumigatus_Af293.aa.fasta
Aspenige	Aspergillus_niger_ATCC_1015.Aspni7.v4.aa.fasta
Aulohede	Aulographum_hederae_CBS_113979.Aulhe2.v2.aa.fasta
Aurepull	Aureobasidium_pullulans_var_pullulans_EXF-150.Aurpu_var_pul1.aa.fasta
Backcirc	Backusella_circina_FSU_941.Bacci1.v1.aa.fasta
Basimer2	Basidiobolus_meristosporus_CBS_931.73.Basme2finSC.v1.aa.fasta
Basimeri	Basidiobolus_meristosporus_B9252.aa.fasta
Batrdend	Batrachochytrium_dendrobatidis_JAM81.Batde5.v1.aa.fasta
Beaubass	Beauveria_bassiana_ARSEF_2860.Beaba1.aa.fasta
Bimunova	Bimuria_novae-zelandiae_CBS_107.79.Bimnz1.v1.aa.fasta
Blumgram	Blumeria_graminis_f_sp_hordei_DH14.Blugr1.aa.fasta
Botrbotr	Botryobasidium_botryosum_FD-172_SS1.Botbo1.v1.aa.fasta
Botrcine	Botrytis_cinerea_B05.10.aa.fasta
Botrdoth	Botryosphaeria_dothidea_CBS_115476.Botdo1_1.aa.fasta
Bysscirc	Byssothecium_circinans_CBS_675.92.Bysci1.v1.aa.fasta
Caprcoro	Capronia_coronata_CBS_617.96.aa.fasta
Cateangu	Catenaria_anguillulae_PL171.Catan1.v1.aa.fasta
Cenogeop	Cenococcum_geophilum_1.58.Cenge3.v2.aa.fasta
Chaeglob	Chaetomium_globosum_CBS_148.51.aa.fasta
Choiveno	Choiromyces_venosus_120613-1.Chove1.v1.aa.fasta
Cladgray	Cladonia_grayi_Cgr-DA2myc-ss.Clagr3.v2.aa.fasta
Cladspha	Cladosporium_sphaerospermum_UM_843.aa.fasta
Clatelyn	Clathrospora_elynae_CBS_161.51.Clael1.v1.aa.fasta
Clavpurp	Claviceps_purpurea_20.1.aa.fasta
Clonrose	Clonostachys_rosea_CBS_125111.Cloro1.v1.aa.fasta
Coccimmi	Coccidioides_immitis_RS.aa.fasta
Coemreve	Coemansia_reversa_NRRL_1564.Coere1.v1.aa.fasta
Collgram	Colletotrichum_graminicola_M1.001.v1.aa.fasta
Collhigg	Colletotrichum_higginsianum_IMI_349063.v1.aa.fasta
Conicoro	Conidiobolus_coronatus_NRRL_28638.Conco1.v1.aa.fasta
Conilign	Coniochaeta_ligniaria_CBS_111746.aa.fasta
Cordmili	Cordyceps_militaris_CM01.Cormi1.aa.fasta
Corycass	Corynespora_cassiicola_CCP.Corca1.v1.aa.fasta
Cryppara	Cryphonectria_parasitica_EP155.Crypa2.v2.aa.fasta
Cucuberb	Cucurbitaria_berberidis_CBS_394.84.Cucbe1.v1.aa.fasta
Cypheuro	Cyphellophora_europaea_CBS_101466.aa.fasta
Deliconf	Delitschia_confertaspora_ATCC_74209.Delco1.v1.aa.fasta
Dibabaeo	Dibaeis_baeomyces.v0_1.aa.fasta
Didyexig	Didymella_exigua_CBS_183.55.Didex1.v1.aa.fasta
Dissacic	Dissoconium_aciculare_CBS_342.82.Disac1.v1.aa.fasta
Dothsept	Dothistroma_septosporum_NZE10.Dotse1.v1.aa.fasta
Dothsymp	Dothidotthia_symphoricarpi_CBS_119687.Dotsy1.v1.aa.fasta
Epicfest	Epichloe_festucae_E894.vM3.aa.fasta
Erembila	Eremomyces_bilateralis_CBS_781.70.Erebi1.v1.aa.fasta
Eutylata	Eutypa_lata_UCREL1.v1.aa.fasta
Exopderm	Exophiala_dermatitidis_NIH_UT8656.aa.fasta
Fusafuji	Fusarium_fujikuroi_IMI58289.aa.fasta
Fusagram	Fusarium_graminearum_PH-1.aa.fasta
Glarlozo	Glarea_lozoyensis_74030.aa.fasta
Glonstel	Glonium_stellatum.Glost2.v1.aa.fasta
Gonaprol	Gonapodya_prolifera_JEL478.Ganpr1.v1.aa.fasta
Hortwern	Hortaea_werneckii_EXF-2000.v2_M0.aa.fasta
Hymefrax	Hymenoscyphus_fraxineus_KW1.v1.aa.fasta
Hystpuli	Hysterium_pulicare_CBS_123377.Hyspu1_1.aa.fasta
Karsrhod	Karstenula_rhodostoma_CBS_690.94.Karrh1.v1.aa.fasta
Laccbico	Laccaria_bicolor_S238N-H82.Lacbi2.v2.aa.fasta
Lentfluv	Lentithecium_fluviatile_CBS_122367.Lenfl1.v1.aa.fasta
Lepipalu	Lepidopterella_palustris.Leppa1.v1.aa.fasta
Lichhyal	Lichtheimia_hyalospora_FSU_10163.Lichy1.v1.aa.fasta
Lindpenn	Linderina_pennispora_ATCC_12442.Linpe1.v1.aa.fasta
Lophmacr	Lophiostoma_macrostomum_CBS_122681.Lopma1.v1.aa.fasta
Lophmyti	Lophium_mytilinum_CBS_269.34.Lopmy1.v1.aa.fasta
Macrfuli	Macrolepiota_fuliginosa.Macfu1.v1.aa.fasta
Martpter	Martensiomyces_pterosporus_CBS_209.56.Marpt1.v1.aa.fasta
Melapulv	Melanomma_pulvis-pyrius_CBS_109.77.Melpu1.v1.aa.fasta
Metaanis	Metarhizium_anisopliae_ARSEF_23.aa.fasta
Monapurp	Monascus_purpureus_NRRL_1596.Monpu1.v1.aa.fasta
Monarube	Monascus_ruber_NRRL_1597.Monru1.v1.aa.fasta
Morcconi	Morchella_conica_CCBAS932.Morco1.v1.aa.fasta
Myriduri	Myriangium_duriaei_CBS_260.36.Myrdu1.v1.aa.fasta
Neurcras	Neurospora_crassa_OR74A.aa.fasta
Oidimaiu	Oidiodendron_maius_Zn.Oidma1.v1.aa.fasta
Ophipice	Ophiostoma_piceae_UAMH_11346.aa.fasta
Parabras	Paracoccidioides_brasiliensis_Pb18.aa.fasta
Pateatra	Patellaria_atrata_CBS_101060.Patat1.v1.aa.fasta
Penichry	Penicillium_chrysogenum_Wisconsin_54-1255.aa.fasta
Perimacr	Periconia_macrospinosa_DSE2036.Perma1.v1.aa.fasta
Piedhort	Piedraia_hortae_CBS_480.64.Pieho1_1.v1.1.aa.fasta
Piptcyli	Piptocephalis_cylindrospora.Pipcy2.v2.aa.fasta
Pleosipa	Pleomassaria_siparia_CBS_279.74.Plesi1.v1.aa.fasta
Podoanse	Podospora_anserina_S_mat+.Podan2.aa.fasta
Polycitr	Polychaeton_citri_CBS_116435.Polci1.v1.aa.fasta
Polyfusc	Polyplosphaeria_fusca_CBS_125425.Polfu1.v1.aa.fasta
Pseudest	Pseudogymnoascus_destructans_20631-21.aa.fasta
Puccgram	Puccinia_graminis_f._sp._tritici_CRL_75-36-700-3.aa.fasta
Puccstri	Puccinia_striiformis_f_sp_tritici_PST-130.Pucst1.aa.fasta
Pyretrit	Pyrenophora_tritici-repentis.aa.fasta
Ramibrev	Ramicandelaber_brevisporus_CBS_109374.Rambr1.v1.aa.fasta
Rhizdele	Rhizopus_delemar_RA_99-880.aa.fasta
Rhizirre	Rhizophagus_irregularis_DAOM_181602.Gloin1.v1.aa.fasta
Rhizmic2	Rhizopus_microsporus_var_microsporus_ATCC_52813.Rhimi1_1.v1.aa.fasta
Rhizmicr	Rhizopus_microsporus_var_chinensis_CCTCC_M201021.Rhich1.aa.fasta
Rhytrufu	Rhytidhysteron_rufulum_CBS_306.38.Rhyru1_1.aa.fasta
Rozeallo	Rozella_allomycis_CSF55.aa.fasta
Saccprot	Saccharata_proteae_CBS_121410.Sacpr1.v1.aa.fasta
Sclescle	Sclerotinia_sclerotiorum_1980_UF-70.aa.fasta
Sordmacr	Sordaria_macrospora_k-hell.aa.fasta
Sphamusi	Sphaerulina_musiva_SO2202.aa.fasta
Spizpunc	Spizellomyces_punctatus_DAOM_BR117.v1.aa.fasta
Sporfime	Sporormia_fimetaria.Spofi1.v1.aa.fasta
Talamarn	Talaromyces_marneffei_ATCC_18224.aa.fasta
Talastip	Talaromyces_stipitatus_ATCC_10500.aa.fasta
Terfboud	Terfezia_boudieri_S1.Terbo2.v1.1.aa.fasta
Theraura	Thermoascus_aurantiacus_ATCC26904.Theau1.v1.aa.fasta
Therlanu	Thermomyces_lanuginosus_SSBP.aa.fasta
Tolyinfl	Tolypocladium_inflatum_NRRL_8044.v1.aa.fasta
Tothfusc	Tothia_fuscella_CBS_130266.Totfu1.v1.aa.fasta
Trempert	Trematosphaeria_pertusa_CBS_122368.Trepe1.v1.aa.fasta
Tricatro	Trichoderma_atroviride_IMI_206040.Triat2.v2.aa.fasta
Tricbisp	Trichodelitschia_bisporula_CBS_262.69.Tribi1.v1.aa.fasta
Tricrubr	Trichophyton_rubrum_CBS_118892.aa.fasta
Tricvire	Trichoderma_virens_Gv29-8.TriviGv29_8_2.v2.aa.fasta
Trypelut	Trypethelium_eluteriae.Tryvi1.v1.aa.fasta
Tubemela	Tuber_melanosporum.Tubme1.aa.fasta
Uncirees	Uncinocarpus_reesii_1704.aa.fasta
Vertdahl	Verticillium_dahliae_JR2.Verda1.v1.aa.fasta
Wilcmiko	Wilcoxina_mikolae_CBS_423.85.Wilmi1.v1.aa.fasta
Xantpari	Xanthoria_parietina_46-1.Xanpa2.v1.1.aa.fasta
Xyloheve	Xylona_heveae_TC161.Xylhe1.v1.aa.fasta
Zasmcell	Zasmidium_cellare_ATCC_36951.Zasce1.v1.aa.fasta
Zopfrhiz	Zopfia_rhizophila_CBS_207.26.Zoprh1.v1.aa.fasta
Zymopseu	Zymoseptoria_pseudotritici_STIR04_4.3.1.Zymps1.aa.fasta
