control_id,class,expected_call,anchor_type,anchor,proteome_short,gene_name,expected_origin,source,notes
POS_EAS,positive,novel,protein_id,sp|Q04571|RODL_NEUCR,Neurcras,eas (bli-7/ccg-2),Sordariales,"Bell-Pedersen/Dunlap/Loros Genes Dev 1992 (PMID 1459460); Eberle/Russo DNA Seq 1992 (PMID 1472707) -- class I hydrophobin required for the conidial rodlet layer","Confirmed via the 2026-09-23 sordariales_shallow discovery run (Tier P / diamond, real 12-species search): present in all 4 ingroup proteomes (Chaeglob/Neurcras/Podoanse/Sordmacr), ZERO hit in any of the 8 outgroup proteomes. Note: class I hydrophobins are a broad, multi-copy gene family across filamentous Ascomycota generally -- it is THIS specific ortholog/paralog that tested lineage-restricted in the real search, not the hydrophobin domain family as a whole (same situation as pezizo_set1's hex-1 control, whose Woronin-body-gene concept also isn't unique to Pezizomycotina, only the specific ortholog tested that way)."
NEG_BUSCO01,negative,core,busco,313431at4751,,DnaJ,pan-fungal,fungi_odb12 (BUSCO 6.0.0),"Complete/single-copy in all 12 sordariales_shallow proteomes (this study's own 2026-09-23 BUSCO run, run_fungi_odb12/full_table.tsv, 569 candidates found in total; this row + the next 7 are a random sample of those). Must never be called novel."
NEG_BUSCO02,negative,core,busco,101812at4751,,ribosomal protein,pan-fungal,fungi_odb12 (BUSCO 6.0.0),"Complete/single-copy in all 12 sordariales_shallow proteomes. Must never be called novel."
NEG_BUSCO03,negative,core,busco,3477629at4751,,spindle pole body,pan-fungal,fungi_odb12 (BUSCO 6.0.0),"Complete/single-copy in all 12 sordariales_shallow proteomes. Must never be called novel."
NEG_BUSCO04,negative,core,busco,3470094at4751,,coatomer subunit delta,pan-fungal,fungi_odb12 (BUSCO 6.0.0),"Complete/single-copy in all 12 sordariales_shallow proteomes. Must never be called novel."
NEG_BUSCO05,negative,core,busco,3464756at4751,,TPR domain-containing protein,pan-fungal,fungi_odb12 (BUSCO 6.0.0),"Complete/single-copy in all 12 sordariales_shallow proteomes. Must never be called novel."
NEG_BUSCO06,negative,core,busco,3331732at4751,,WD repeat protein,pan-fungal,fungi_odb12 (BUSCO 6.0.0),"Complete/single-copy in all 12 sordariales_shallow proteomes. Must never be called novel."
NEG_BUSCO07,negative,core,busco,282650at4751,,syntaxin,pan-fungal,fungi_odb12 (BUSCO 6.0.0),"Complete/single-copy in all 12 sordariales_shallow proteomes. Must never be called novel."
NEG_BUSCO08,negative,core,busco,98471at4751,,ribosomal protein,pan-fungal,fungi_odb12 (BUSCO 6.0.0),"Complete/single-copy in all 12 sordariales_shallow proteomes. Must never be called novel."
