study	n_in	n_out	pep_mb_in	pep_mb_out	tasks_completed	tasks_failed	search_tasks	search_wall_h	search_cpu_h	parse_hits_tasks	tblastn_cpu_h	all_cpu_h	search_max_rss_mb
agaricomycetes_dmnd_default	4	3	29.8	14.5	115	0	7	0.02	0.55	42	0.96	1.78	287
agaricomycetes_dmnd_sensitive	4	3	29.8	14.5	115	0	7	0.05	0.69	42	1.18	2.15	411
agaricomycetes_dmnd_very_sensitive	4	3	29.8	14.5	115	0	7	0.04	0.72	42	0.96	1.95	653
agaricomycetes_dmnd_very_sensitive_cov15	4	3	29.8	14.5	115	0	7	0.06	0.85	42	2.24	3.36	596
agaricomycetes_pairwise	4	3	29.8	14.5	236	0	42	0.03	0.64	84	1.91	12.40	263
UHM_lachnoNovelclade	5	4	8.2	3.6	222	0	72	0.03	0.58	72	0.04	7.84	186
pezizo_set1_dmnd_default	5	6	32.6	30.8	211	0	11	0.07	1.52	110	0.73	2.56	280
pezizo_set1_dmnd_sensitive	5	6	32.6	30.8	211	0	11	0.10	1.54	110	0.60	2.48	303
pezizo_set1_dmnd_very_sensitive	5	6	32.6	30.8	211	0	11	0.07	1.52	110	0.79	2.63	634
pezizo_set1_dmnd_very_sensitive_cov15	5	6	32.6	30.8	211	0	11	0.12	1.88	110	1.34	3.58	657
sordariales_shallow	4	8	28.2	63.3	338	5	20	0.15	3.45	220	0.50	4.48	430
sordariales_shallow_dmnd_default	4	8	28.2	63.3	240	0	12	0.10	1.91	132	0.66	3.02	422
sordariales_shallow_dmnd_sensitive	4	8	28.2	63.3	309	3	16	0.24	3.68	176	0.99	5.21	637
sordariales_shallow_dmnd_very_sensitive	4	8	28.2	63.3	336	3	20	0.25	5.43	220	0.55	6.51	811
sordariales_shallow_dmnd_very_sensitive_cov15	4	8	28.2	63.3	240	0	12	0.20	3.34	132	1.22	5.11	730
UHM_Akkermansia	6	8	5.9	6.0	505	3	182	0.10	2.13	182	0.04	16.90	181
fusarium_FOXY	19	4	215.3	33.2	726	17	23	2.17	53.71	506	0.59	65.62	789
UHM_Koxytoca	18	16	37.4	35.8	6242	3	2244	1.21	25.90	3366	0.07	39.40	195
cyanobacteria	484	60	1133.1	54.7	62004	206	272	80.25	1640.47	58478	0.00	1653.96	232
