protein_id	source_proteome
UHM102bin47__k141_113605_9	UHM102bin47
UHM102bin47__k141_116961_3	UHM102bin47
UHM102bin47__k141_116961_37	UHM102bin47
UHM102bin47__k141_117384_27	UHM102bin47
UHM102bin47__k141_119261_30	UHM102bin47
UHM102bin47__k141_120499_24	UHM102bin47
UHM102bin47__k141_121109_5	UHM102bin47
UHM102bin47__k141_131645_5	UHM102bin47
UHM102bin47__k141_134112_6	UHM102bin47
UHM102bin47__k141_135727_34	UHM102bin47
UHM102bin47__k141_138182_13	UHM102bin47
UHM102bin47__k141_138711_10	UHM102bin47
UHM102bin47__k141_139350_22	UHM102bin47
UHM102bin47__k141_139702_10	UHM102bin47
UHM102bin47__k141_144615_4	UHM102bin47
UHM102bin47__k141_144615_5	UHM102bin47
UHM102bin47__k141_144615_7	UHM102bin47
UHM102bin47__k141_144621_20	UHM102bin47
UHM102bin47__k141_144747_4	UHM102bin47
UHM102bin47__k141_15921_3	UHM102bin47
UHM102bin47__k141_21772_14	UHM102bin47
UHM102bin47__k141_22727_15	UHM102bin47
UHM102bin47__k141_22727_25	UHM102bin47
UHM102bin47__k141_24501_14	UHM102bin47
UHM102bin47__k141_2843_4	UHM102bin47
UHM102bin47__k141_33357_6	UHM102bin47
UHM102bin47__k141_34177_4	UHM102bin47
UHM102bin47__k141_34895_2	UHM102bin47
UHM102bin47__k141_34947_3	UHM102bin47
UHM102bin47__k141_38395_1	UHM102bin47
UHM102bin47__k141_39567_2	UHM102bin47
UHM102bin47__k141_44979_2	UHM102bin47
UHM102bin47__k141_47894_2	UHM102bin47
UHM102bin47__k141_48864_39	UHM102bin47
UHM102bin47__k141_54027_7	UHM102bin47
UHM102bin47__k141_57807_12	UHM102bin47
UHM102bin47__k141_57807_18	UHM102bin47
UHM102bin47__k141_57807_25	UHM102bin47
UHM102bin47__k141_61961_20	UHM102bin47
UHM102bin47__k141_63081_11	UHM102bin47
UHM102bin47__k141_73636_4	UHM102bin47
UHM102bin47__k141_77912_5	UHM102bin47
UHM102bin47__k141_81591_30	UHM102bin47
UHM102bin47__k141_87317_3	UHM102bin47
UHM102bin47__k141_9567_12	UHM102bin47
UHM125bin22__k141_105336_13	UHM125bin22
UHM125bin22__k141_105336_48	UHM125bin22
UHM125bin22__k141_108317_44	UHM125bin22
UHM125bin22__k141_108317_9	UHM125bin22
UHM125bin22__k141_11459_76	UHM125bin22
UHM125bin22__k141_116436_109	UHM125bin22
UHM125bin22__k141_116436_13	UHM125bin22
UHM125bin22__k141_116436_145	UHM125bin22
UHM125bin22__k141_116436_189	UHM125bin22
UHM125bin22__k141_116436_218	UHM125bin22
UHM125bin22__k141_116436_52	UHM125bin22
UHM125bin22__k141_116436_77	UHM125bin22
UHM125bin22__k141_121389_1	UHM125bin22
UHM125bin22__k141_125417_18	UHM125bin22
UHM125bin22__k141_125417_30	UHM125bin22
UHM125bin22__k141_125570_52	UHM125bin22
UHM125bin22__k141_128872_16	UHM125bin22
UHM125bin22__k141_131084_69	UHM125bin22
UHM125bin22__k141_131614_15	UHM125bin22
UHM125bin22__k141_154965_41	UHM125bin22
UHM125bin22__k141_155483_44	UHM125bin22
UHM125bin22__k141_20697_159	UHM125bin22
UHM125bin22__k141_20697_42	UHM125bin22
UHM125bin22__k141_23854_32	UHM125bin22
UHM125bin22__k141_27491_115	UHM125bin22
UHM125bin22__k141_27491_4	UHM125bin22
UHM125bin22__k141_27491_57	UHM125bin22
UHM125bin22__k141_27491_67	UHM125bin22
UHM125bin22__k141_35465_127	UHM125bin22
UHM125bin22__k141_35480_2	UHM125bin22
UHM125bin22__k141_35901_26	UHM125bin22
UHM125bin22__k141_35901_36	UHM125bin22
UHM125bin22__k141_40548_92	UHM125bin22
UHM125bin22__k141_40554_24	UHM125bin22
UHM125bin22__k141_55992_66	UHM125bin22
UHM125bin22__k141_57044_31	UHM125bin22
UHM125bin22__k141_5898_55	UHM125bin22
UHM125bin22__k141_61065_21	UHM125bin22
UHM125bin22__k141_62480_69	UHM125bin22
UHM125bin22__k141_70341_17	UHM125bin22
UHM125bin22__k141_89394_301	UHM125bin22
UHM125bin22__k141_89394_302	UHM125bin22
UHM125bin22__k141_89394_304	UHM125bin22
UHM125bin48__k141_12330_137	UHM125bin48
UHM125bin48__k141_132383_128	UHM125bin48
UHM125bin48__k141_134485_32	UHM125bin48
UHM125bin48__k141_13765_2	UHM125bin48
UHM125bin48__k141_142709_34	UHM125bin48
UHM125bin48__k141_167857_122	UHM125bin48
UHM125bin48__k141_203804_102	UHM125bin48
UHM125bin48__k141_205170_107	UHM125bin48
UHM125bin48__k141_21561_1	UHM125bin48
UHM125bin48__k141_299522_119	UHM125bin48
UHM125bin48__k141_299522_84	UHM125bin48
UHM125bin48__k141_92202_124	UHM125bin48
UHM125bin48__k141_92202_134	UHM125bin48
UHM125bin48__k141_92202_187	UHM125bin48
UHM125bin48__k141_92202_4	UHM125bin48
UHM125bin48__k141_92202_76	UHM125bin48
UHM145bin17__k141_100486_5	UHM145bin17
UHM145bin17__k141_113344_2	UHM145bin17
UHM145bin17__k141_118445_4	UHM145bin17
UHM145bin17__k141_119420_14	UHM145bin17
UHM145bin17__k141_121710_1	UHM145bin17
UHM145bin17__k141_124820_9	UHM145bin17
UHM145bin17__k141_127317_4	UHM145bin17
UHM145bin17__k141_132383_10	UHM145bin17
UHM145bin17__k141_135854_3	UHM145bin17
UHM145bin17__k141_140830_3	UHM145bin17
UHM145bin17__k141_140906_3	UHM145bin17
UHM145bin17__k141_145161_4	UHM145bin17
UHM145bin17__k141_16853_2	UHM145bin17
UHM145bin17__k141_17742_6	UHM145bin17
UHM145bin17__k141_19577_5	UHM145bin17
UHM145bin17__k141_20989_5	UHM145bin17
UHM145bin17__k141_38534_2	UHM145bin17
UHM145bin17__k141_38534_4	UHM145bin17
UHM145bin17__k141_39625_1	UHM145bin17
UHM145bin17__k141_40619_2	UHM145bin17
UHM145bin17__k141_44253_2	UHM145bin17
UHM145bin17__k141_44935_3	UHM145bin17
UHM145bin17__k141_45768_1	UHM145bin17
UHM145bin17__k141_46975_5	UHM145bin17
UHM145bin17__k141_55779_7	UHM145bin17
UHM145bin17__k141_60008_8	UHM145bin17
UHM145bin17__k141_63612_2	UHM145bin17
UHM145bin17__k141_66140_2	UHM145bin17
UHM145bin17__k141_74359_3	UHM145bin17
UHM145bin17__k141_77723_5	UHM145bin17
UHM145bin17__k141_7989_4	UHM145bin17
UHM145bin17__k141_86069_1	UHM145bin17
UHM145bin17__k141_87543_1	UHM145bin17
UHM145bin17__k141_90939_11	UHM145bin17
UHM145bin17__k141_93975_6	UHM145bin17
UHM145bin17__k141_97365_8	UHM145bin17
UHM145bin28__k141_101097_6	UHM145bin28
UHM145bin28__k141_101835_25	UHM145bin28
UHM145bin28__k141_101835_35	UHM145bin28
UHM145bin28__k141_101835_64	UHM145bin28
UHM145bin28__k141_144755_20	UHM145bin28
UHM145bin28__k141_153204_18	UHM145bin28
UHM145bin28__k141_157115_8	UHM145bin28
UHM145bin28__k141_166374_70	UHM145bin28
UHM145bin28__k141_180629_17	UHM145bin28
UHM145bin28__k141_180629_53	UHM145bin28
UHM145bin28__k141_192550_1	UHM145bin28
UHM145bin28__k141_200935_27	UHM145bin28
UHM145bin28__k141_208910_8	UHM145bin28
UHM145bin28__k141_214162_107	UHM145bin28
UHM145bin28__k141_214162_140	UHM145bin28
UHM145bin28__k141_214162_29	UHM145bin28
UHM145bin28__k141_214162_71	UHM145bin28
UHM145bin28__k141_218190_3	UHM145bin28
UHM145bin28__k141_218190_42	UHM145bin28
UHM145bin28__k141_220579_126	UHM145bin28
UHM145bin28__k141_220579_47	UHM145bin28
UHM145bin28__k141_227303_39	UHM145bin28
UHM145bin28__k141_233280_4	UHM145bin28
UHM145bin28__k141_237176_2	UHM145bin28
UHM145bin28__k141_245763_59	UHM145bin28
UHM145bin28__k141_246764_2	UHM145bin28
UHM145bin28__k141_255422_64	UHM145bin28
UHM145bin28__k141_256650_12	UHM145bin28
UHM145bin28__k141_256650_5	UHM145bin28
UHM145bin28__k141_257196_130	UHM145bin28
UHM145bin28__k141_257196_35	UHM145bin28
UHM145bin28__k141_29627_63	UHM145bin28
UHM145bin28__k141_29627_64	UHM145bin28
UHM145bin28__k141_29627_66	UHM145bin28
UHM145bin28__k141_32743_1	UHM145bin28
UHM145bin28__k141_4249_9	UHM145bin28
UHM145bin28__k141_46230_135	UHM145bin28
UHM145bin28__k141_46230_169	UHM145bin28
UHM145bin28__k141_46230_61	UHM145bin28
UHM145bin28__k141_60526_2	UHM145bin28
UHM145bin28__k141_66451_9	UHM145bin28
UHM145bin28__k141_9153_71	UHM145bin28
UHM145bin33__k141_104710_10	UHM145bin33
UHM145bin33__k141_107551_25	UHM145bin33
UHM145bin33__k141_108505_28	UHM145bin33
UHM145bin33__k141_108505_29	UHM145bin33
UHM145bin33__k141_108505_31	UHM145bin33
UHM145bin33__k141_125673_1	UHM145bin33
UHM145bin33__k141_125756_14	UHM145bin33
UHM145bin33__k141_126548_9	UHM145bin33
UHM145bin33__k141_130605_2	UHM145bin33
UHM145bin33__k141_131588_32	UHM145bin33
UHM145bin33__k141_131588_66	UHM145bin33
UHM145bin33__k141_133338_9	UHM145bin33
UHM145bin33__k141_133591_16	UHM145bin33
UHM145bin33__k141_19754_8	UHM145bin33
UHM145bin33__k141_19916_2	UHM145bin33
UHM145bin33__k141_19916_9	UHM145bin33
UHM145bin33__k141_2088_8	UHM145bin33
UHM145bin33__k141_2136_22	UHM145bin33
UHM145bin33__k141_21633_27	UHM145bin33
UHM145bin33__k141_22275_2	UHM145bin33
UHM145bin33__k141_2311_2	UHM145bin33
UHM145bin33__k141_23388_22	UHM145bin33
UHM145bin33__k141_31941_36	UHM145bin33
UHM145bin33__k141_32067_19	UHM145bin33
UHM145bin33__k141_35811_26	UHM145bin33
UHM145bin33__k141_36839_3	UHM145bin33
UHM145bin33__k141_37340_7	UHM145bin33
UHM145bin33__k141_44193_41	UHM145bin33
UHM145bin33__k141_44193_5	UHM145bin33
UHM145bin33__k141_44202_40	UHM145bin33
UHM145bin33__k141_45057_15	UHM145bin33
UHM145bin33__k141_50473_5	UHM145bin33
UHM145bin33__k141_53789_19	UHM145bin33
UHM145bin33__k141_68201_4	UHM145bin33
UHM145bin33__k141_73141_2	UHM145bin33
UHM145bin33__k141_74550_5	UHM145bin33
UHM145bin33__k141_75847_2	UHM145bin33
UHM145bin33__k141_77428_4	UHM145bin33
UHM145bin33__k141_79123_39	UHM145bin33
UHM145bin33__k141_84592_5	UHM145bin33
UHM145bin33__k141_97234_14	UHM145bin33
UHM17bin35__k141_10704_17	UHM17bin35
UHM17bin35__k141_10826_104	UHM17bin35
UHM17bin35__k141_10826_9	UHM17bin35
UHM17bin35__k141_14023_54	UHM17bin35
UHM17bin35__k141_14501_6	UHM17bin35
UHM17bin35__k141_1884_15	UHM17bin35
UHM17bin35__k141_27135_7	UHM17bin35
UHM17bin35__k141_32671_47	UHM17bin35
UHM17bin35__k141_32818_6	UHM17bin35
UHM17bin35__k141_33307_15	UHM17bin35
UHM17bin35__k141_36062_18	UHM17bin35
UHM17bin35__k141_38804_60	UHM17bin35
UHM17bin35__k141_4308_43	UHM17bin35
UHM17bin35__k141_4308_9	UHM17bin35
UHM17bin35__k141_46105_18	UHM17bin35
UHM17bin35__k141_46105_20	UHM17bin35
UHM17bin35__k141_46105_21	UHM17bin35
UHM17bin35__k141_51412_1	UHM17bin35
UHM17bin35__k141_61181_42	UHM17bin35
UHM17bin35__k141_61305_54	UHM17bin35
UHM17bin35__k141_61305_89	UHM17bin35
UHM17bin35__k141_62455_29	UHM17bin35
UHM17bin35__k141_6524_5	UHM17bin35
UHM17bin35__k141_65613_20	UHM17bin35
UHM17bin35__k141_7020_9	UHM17bin35
UHM17bin35__k141_74397_100	UHM17bin35
UHM17bin35__k141_74397_133	UHM17bin35
UHM17bin35__k141_74397_169	UHM17bin35
UHM17bin35__k141_74397_211	UHM17bin35
UHM17bin35__k141_74397_239	UHM17bin35
UHM17bin35__k141_74397_36	UHM17bin35
UHM17bin35__k141_74397_75	UHM17bin35
UHM17bin35__k141_79701_18	UHM17bin35
UHM17bin35__k141_89241_67	UHM17bin35
UHM17bin35__k141_89891_15	UHM17bin35
UHM17bin35__k141_89891_2	UHM17bin35
UHM17bin35__k141_89891_9	UHM17bin35
UHM17bin35__k141_90749_21	UHM17bin35
UHM17bin35__k141_94036_33	UHM17bin35
UHM17bin35__k141_95952_4	UHM17bin35
UHM17bin35__k141_96183_106	UHM17bin35
UHM17bin35__k141_97645_8	UHM17bin35
UHM17bin35__k141_9959_18	UHM17bin35
UHM17bin35__k141_9959_8	UHM17bin35
UHM18bin40__k141_101850_151	UHM18bin40
UHM18bin40__k141_101850_96	UHM18bin40
UHM18bin40__k141_102108_14	UHM18bin40
UHM18bin40__k141_102108_20	UHM18bin40
UHM18bin40__k141_102108_27	UHM18bin40
UHM18bin40__k141_10902_14	UHM18bin40
UHM18bin40__k141_120545_77	UHM18bin40
UHM18bin40__k141_120545_78	UHM18bin40
UHM18bin40__k141_120545_80	UHM18bin40
UHM18bin40__k141_146734_17	UHM18bin40
UHM18bin40__k141_148791_34	UHM18bin40
UHM18bin40__k141_155268_35	UHM18bin40
UHM18bin40__k141_160197_13	UHM18bin40
UHM18bin40__k141_165164_39	UHM18bin40
UHM18bin40__k141_165164_78	UHM18bin40
UHM18bin40__k141_165964_34	UHM18bin40
UHM18bin40__k141_183129_92	UHM18bin40
UHM18bin40__k141_185600_22	UHM18bin40
UHM18bin40__k141_186929_7	UHM18bin40
UHM18bin40__k141_188118_32	UHM18bin40
UHM18bin40__k141_198057_133	UHM18bin40
UHM18bin40__k141_198057_63	UHM18bin40
UHM18bin40__k141_198057_91	UHM18bin40
UHM18bin40__k141_203153_35	UHM18bin40
UHM18bin40__k141_208139_24	UHM18bin40
UHM18bin40__k141_208139_34	UHM18bin40
UHM18bin40__k141_20926_9	UHM18bin40
UHM18bin40__k141_212494_43	UHM18bin40
UHM18bin40__k141_212494_9	UHM18bin40
UHM18bin40__k141_212831_73	UHM18bin40
UHM18bin40__k141_3277_73	UHM18bin40
UHM18bin40__k141_34875_34	UHM18bin40
UHM18bin40__k141_36755_14	UHM18bin40
UHM18bin40__k141_36898_26	UHM18bin40
UHM18bin40__k141_44810_57	UHM18bin40
UHM18bin40__k141_54310_20	UHM18bin40
UHM18bin40__k141_62708_25	UHM18bin40
UHM18bin40__k141_62708_35	UHM18bin40
UHM18bin40__k141_69473_75	UHM18bin40
UHM18bin40__k141_76397_6	UHM18bin40
UHM18bin40__k141_7934_17	UHM18bin40
UHM18bin40__k141_91157_17	UHM18bin40
UHM18bin40__k141_98116_55	UHM18bin40
UHM20bin12__k141_106873_182	UHM20bin12
UHM20bin12__k141_106873_261	UHM20bin12
UHM20bin12__k141_106873_3	UHM20bin12
UHM20bin12__k141_106873_42	UHM20bin12
UHM20bin12__k141_113322_35	UHM20bin12
UHM20bin12__k141_125841_16	UHM20bin12
UHM20bin12__k141_134186_14	UHM20bin12
UHM20bin12__k141_134186_20	UHM20bin12
UHM20bin12__k141_134186_27	UHM20bin12
UHM20bin12__k141_140708_106	UHM20bin12
UHM20bin12__k141_140708_139	UHM20bin12
UHM20bin12__k141_140708_28	UHM20bin12
UHM20bin12__k141_140708_70	UHM20bin12
UHM20bin12__k141_14922_130	UHM20bin12
UHM20bin12__k141_14922_35	UHM20bin12
UHM20bin12__k141_153480_8	UHM20bin12
UHM20bin12__k141_157456_27	UHM20bin12
UHM20bin12__k141_164804_120	UHM20bin12
UHM20bin12__k141_164804_84	UHM20bin12
UHM20bin12__k141_180387_22	UHM20bin12
UHM20bin12__k141_187401_37	UHM20bin12
UHM20bin12__k141_188320_10	UHM20bin12
UHM20bin12__k141_191723_9	UHM20bin12
UHM20bin12__k141_205943_39	UHM20bin12
UHM20bin12__k141_205967_51	UHM20bin12
UHM20bin12__k141_207334_117	UHM20bin12
UHM20bin12__k141_207334_43	UHM20bin12
UHM20bin12__k141_207334_9	UHM20bin12
UHM20bin12__k141_27367_2	UHM20bin12
UHM20bin12__k141_29309_40	UHM20bin12
UHM20bin12__k141_30882_77	UHM20bin12
UHM20bin12__k141_34860_60	UHM20bin12
UHM20bin12__k141_34860_62	UHM20bin12
UHM20bin12__k141_34860_63	UHM20bin12
UHM20bin12__k141_41074_18	UHM20bin12
UHM20bin12__k141_54324_12	UHM20bin12
UHM20bin12__k141_55969_128	UHM20bin12
UHM20bin12__k141_55969_49	UHM20bin12
UHM20bin12__k141_55969_59	UHM20bin12
UHM20bin12__k141_55969_88	UHM20bin12
UHM20bin12__k141_85957_71	UHM20bin12
UHM20bin12__k141_86214_14	UHM20bin12
UHM20bin12__k141_92491_28	UHM20bin12
UHM20bin12__k141_99971_9	UHM20bin12
UHM20bin40__k141_100409_33	UHM20bin40
UHM20bin40__k141_104402_4	UHM20bin40
UHM20bin40__k141_112877_22	UHM20bin40
UHM20bin40__k141_117011_111	UHM20bin40
UHM20bin40__k141_117011_38	UHM20bin40
UHM20bin40__k141_11765_37	UHM20bin40
UHM20bin40__k141_120749_182	UHM20bin40
UHM20bin40__k141_120749_261	UHM20bin40
UHM20bin40__k141_120749_3	UHM20bin40
UHM20bin40__k141_120749_42	UHM20bin40
UHM20bin40__k141_125108_106	UHM20bin40
UHM20bin40__k141_125108_139	UHM20bin40
UHM20bin40__k141_125108_28	UHM20bin40
UHM20bin40__k141_125108_70	UHM20bin40
UHM20bin40__k141_12709_14	UHM20bin40
UHM20bin40__k141_16819_101	UHM20bin40
UHM20bin40__k141_18329_104	UHM20bin40
UHM20bin40__k141_18329_25	UHM20bin40
UHM20bin40__k141_18329_35	UHM20bin40
UHM20bin40__k141_18329_64	UHM20bin40
UHM20bin40__k141_23853_18	UHM20bin40
UHM20bin40__k141_25346_2	UHM20bin40
UHM20bin40__k141_27429_8	UHM20bin40
UHM20bin40__k141_30643_28	UHM20bin40
UHM20bin40__k141_34662_9	UHM20bin40
UHM20bin40__k141_398_117	UHM20bin40
UHM20bin40__k141_398_43	UHM20bin40
UHM20bin40__k141_398_9	UHM20bin40
UHM20bin40__k141_47550_17	UHM20bin40
UHM20bin40__k141_47550_53	UHM20bin40
UHM20bin40__k141_55372_16	UHM20bin40
UHM20bin40__k141_58208_71	UHM20bin40
UHM20bin40__k141_58633_39	UHM20bin40
UHM20bin40__k141_62497_2	UHM20bin40
UHM20bin40__k141_70555_5	UHM20bin40
UHM20bin40__k141_74604_100	UHM20bin40
UHM20bin40__k141_74604_97	UHM20bin40
UHM20bin40__k141_74604_98	UHM20bin40
UHM20bin40__k141_80304_14	UHM20bin40
UHM20bin40__k141_80640_77	UHM20bin40
UHM20bin40__k141_91578_15	UHM20bin40
UHM20bin40__k141_91578_2	UHM20bin40
UHM20bin40__k141_91578_9	UHM20bin40
UHM20bin40__k141_97855_57	UHM20bin40
UHM20bin40__k141_99892_39	UHM20bin40
UHM22bin50__k141_100266_3	UHM22bin50
UHM22bin50__k141_109658_26	UHM22bin50
UHM22bin50__k141_110970_7	UHM22bin50
UHM22bin50__k141_114170_18	UHM22bin50
UHM22bin50__k141_115667_32	UHM22bin50
UHM22bin50__k141_115667_34	UHM22bin50
UHM22bin50__k141_115667_35	UHM22bin50
UHM22bin50__k141_11737_18	UHM22bin50
UHM22bin50__k141_119958_8	UHM22bin50
UHM22bin50__k141_129689_1	UHM22bin50
UHM22bin50__k141_17393_5	UHM22bin50
UHM22bin50__k141_21582_4	UHM22bin50
UHM22bin50__k141_21705_9	UHM22bin50
UHM22bin50__k141_24127_2	UHM22bin50
UHM22bin50__k141_28899_3	UHM22bin50
UHM22bin50__k141_3561_12	UHM22bin50
UHM22bin50__k141_4198_17	UHM22bin50
UHM22bin50__k141_44182_17	UHM22bin50
UHM22bin50__k141_47743_29	UHM22bin50
UHM22bin50__k141_47961_17	UHM22bin50
UHM22bin50__k141_49951_4	UHM22bin50
UHM22bin50__k141_50715_4	UHM22bin50
UHM22bin50__k141_53347_6	UHM22bin50
UHM22bin50__k141_53843_3	UHM22bin50
UHM22bin50__k141_57404_6	UHM22bin50
UHM22bin50__k141_61241_12	UHM22bin50
UHM22bin50__k141_62704_9	UHM22bin50
UHM22bin50__k141_62723_31	UHM22bin50
UHM22bin50__k141_6278_1	UHM22bin50
UHM22bin50__k141_67526_12	UHM22bin50
UHM22bin50__k141_68663_5	UHM22bin50
UHM22bin50__k141_69358_17	UHM22bin50
UHM22bin50__k141_76061_3	UHM22bin50
UHM22bin50__k141_81500_23	UHM22bin50
UHM22bin50__k141_83165_9	UHM22bin50
UHM22bin50__k141_84776_14	UHM22bin50
UHM22bin50__k141_87059_18	UHM22bin50
UHM22bin50__k141_89440_5	UHM22bin50
UHM22bin50__k141_92100_38	UHM22bin50
UHM22bin50__k141_9224_15	UHM22bin50
UHM22bin50__k141_97362_13	UHM22bin50
UHM22bin54__k141_113317_33	UHM22bin54
UHM22bin54__k141_113317_35	UHM22bin54
UHM22bin54__k141_113317_36	UHM22bin54
UHM22bin54__k141_121409_12	UHM22bin54
UHM22bin54__k141_121409_5	UHM22bin54
UHM22bin54__k141_128148_4	UHM22bin54
UHM22bin54__k141_130174_1	UHM22bin54
UHM22bin54__k141_137393_182	UHM22bin54
UHM22bin54__k141_137393_261	UHM22bin54
UHM22bin54__k141_137393_3	UHM22bin54
UHM22bin54__k141_137393_367	UHM22bin54
UHM22bin54__k141_137393_42	UHM22bin54
UHM22bin54__k141_137393_441	UHM22bin54
UHM22bin54__k141_141838_29	UHM22bin54
UHM22bin54__k141_17918_25	UHM22bin54
UHM22bin54__k141_17918_35	UHM22bin54
UHM22bin54__k141_19628_57	UHM22bin54
UHM22bin54__k141_21733_46	UHM22bin54
UHM22bin54__k141_37640_19	UHM22bin54
UHM22bin54__k141_43604_39	UHM22bin54
UHM22bin54__k141_44955_101	UHM22bin54
UHM22bin54__k141_46464_71	UHM22bin54
UHM22bin54__k141_58058_18	UHM22bin54
UHM22bin54__k141_61806_4	UHM22bin54
UHM22bin54__k141_65541_8	UHM22bin54
UHM22bin54__k141_67253_14	UHM22bin54
UHM22bin54__k141_67253_15	UHM22bin54
UHM22bin54__k141_68771_37	UHM22bin54
UHM22bin54__k141_70979_8	UHM22bin54
UHM22bin54__k141_76989_107	UHM22bin54
UHM22bin54__k141_76989_140	UHM22bin54
UHM22bin54__k141_76989_29	UHM22bin54
UHM22bin54__k141_76989_71	UHM22bin54
UHM22bin8__k141_113251_21	UHM22bin8
UHM22bin8__k141_115521_8	UHM22bin8
UHM22bin8__k141_117344_9	UHM22bin8
UHM22bin8__k141_119116_157	UHM22bin8
UHM22bin8__k141_119116_167	UHM22bin8
UHM22bin8__k141_119116_221	UHM22bin8
UHM22bin8__k141_119116_4	UHM22bin8
UHM22bin8__k141_119116_83	UHM22bin8
UHM22bin8__k141_120022_50	UHM22bin8
UHM22bin8__k141_120439_1	UHM22bin8
UHM22bin8__k141_36163_2	UHM22bin8
UHM22bin8__k141_36930_37	UHM22bin8
UHM22bin8__k141_39986_76	UHM22bin8
UHM22bin8__k141_40293_201	UHM22bin8
UHM22bin8__k141_40422_105	UHM22bin8
UHM22bin8__k141_46722_221	UHM22bin8
UHM22bin8__k141_46722_222	UHM22bin8
UHM22bin8__k141_46722_224	UHM22bin8
UHM22bin8__k141_56023_71	UHM22bin8
UHM22bin8__k141_57072_30	UHM22bin8
UHM22bin8__k141_57072_66	UHM22bin8
UHM22bin8__k141_64557_182	UHM22bin8
UHM22bin8__k141_64557_261	UHM22bin8
UHM22bin8__k141_64557_3	UHM22bin8
UHM22bin8__k141_64557_367	UHM22bin8
UHM22bin8__k141_64557_42	UHM22bin8
UHM22bin8__k141_64557_441	UHM22bin8
UHM22bin8__k141_64557_475	UHM22bin8
UHM22bin8__k141_66368_77	UHM22bin8
UHM22bin8__k141_67375_116	UHM22bin8
UHM22bin8__k141_71470_2	UHM22bin8
UHM22bin8__k141_72073_27	UHM22bin8
UHM22bin8__k141_727_104	UHM22bin8
UHM22bin8__k141_727_132	UHM22bin8
UHM22bin8__k141_727_174	UHM22bin8
UHM22bin8__k141_727_210	UHM22bin8
UHM22bin8__k141_727_243	UHM22bin8
UHM22bin8__k141_727_25	UHM22bin8
UHM22bin8__k141_727_35	UHM22bin8
UHM22bin8__k141_727_64	UHM22bin8
UHM22bin8__k141_73766_12	UHM22bin8
UHM22bin8__k141_73766_5	UHM22bin8
UHM22bin8__k141_83923_23	UHM22bin8
UHM22bin8__k141_96553_130	UHM22bin8
UHM22bin8__k141_96553_35	UHM22bin8
UHM40bin27__k141_11489_76	UHM40bin27
UHM40bin27__k141_117478_71	UHM40bin27
UHM40bin27__k141_120590_9	UHM40bin27
UHM40bin27__k141_138413_142	UHM40bin27
UHM40bin27__k141_149076_135	UHM40bin27
UHM40bin27__k141_149076_163	UHM40bin27
UHM40bin27__k141_149076_203	UHM40bin27
UHM40bin27__k141_149076_232	UHM40bin27
UHM40bin27__k141_149076_24	UHM40bin27
UHM40bin27__k141_149076_242	UHM40bin27
UHM40bin27__k141_149076_57	UHM40bin27
UHM40bin27__k141_149076_93	UHM40bin27
UHM40bin27__k141_151589_1	UHM40bin27
UHM40bin27__k141_15345_200	UHM40bin27
UHM40bin27__k141_19791_57	UHM40bin27
UHM40bin27__k141_21477_182	UHM40bin27
UHM40bin27__k141_21477_261	UHM40bin27
UHM40bin27__k141_21477_3	UHM40bin27
UHM40bin27__k141_21477_367	UHM40bin27
UHM40bin27__k141_21477_42	UHM40bin27
UHM40bin27__k141_21477_441	UHM40bin27
UHM40bin27__k141_21477_475	UHM40bin27
UHM40bin27__k141_32904_2	UHM40bin27
UHM40bin27__k141_46324_59	UHM40bin27
UHM40bin27__k141_49258_66	UHM40bin27
UHM40bin27__k141_49258_67	UHM40bin27
UHM40bin27__k141_49258_69	UHM40bin27
UHM40bin27__k141_49394_153	UHM40bin27
UHM40bin27__k141_49394_207	UHM40bin27
UHM40bin27__k141_49394_217	UHM40bin27
UHM40bin27__k141_49394_27	UHM40bin27
UHM40bin27__k141_49394_291	UHM40bin27
UHM40bin27__k141_49394_370	UHM40bin27
UHM40bin27__k141_58659_24	UHM40bin27
UHM40bin27__k141_58659_60	UHM40bin27
UHM40bin27__k141_63617_92	UHM40bin27
UHM40bin27__k141_68372_165	UHM40bin27
UHM40bin27__k141_68372_70	UHM40bin27
UHM40bin27__k141_69199_77	UHM40bin27
UHM40bin27__k141_80215_15	UHM40bin27
UHM40bin27__k141_87657_15	UHM40bin27
UHM40bin27__k141_87657_2	UHM40bin27
UHM40bin27__k141_87657_9	UHM40bin27
UHM40bin27__k141_89014_71	UHM40bin27
UHM40bin4__k141_107324_8	UHM40bin4
UHM40bin4__k141_110296_93	UHM40bin4
UHM40bin4__k141_115808_53	UHM40bin4
UHM40bin4__k141_115808_87	UHM40bin4
UHM40bin4__k141_118573_1	UHM40bin4
UHM40bin4__k141_118573_41	UHM40bin4
UHM40bin4__k141_128239_106	UHM40bin4
UHM40bin4__k141_128239_139	UHM40bin4
UHM40bin4__k141_128239_28	UHM40bin4
UHM40bin4__k141_128239_70	UHM40bin4
UHM40bin4__k141_128943_9	UHM40bin4
UHM40bin4__k141_13213_59	UHM40bin4
UHM40bin4__k141_132300_3	UHM40bin4
UHM40bin4__k141_133623_1	UHM40bin4
UHM40bin4__k141_13663_1	UHM40bin4
UHM40bin4__k141_13663_96	UHM40bin4
UHM40bin4__k141_14004_35	UHM40bin4
UHM40bin4__k141_19088_38	UHM40bin4
UHM40bin4__k141_24595_121	UHM40bin4
UHM40bin4__k141_24595_15	UHM40bin4
UHM40bin4__k141_24595_200	UHM40bin4
UHM40bin4__k141_24595_340	UHM40bin4
UHM40bin4__k141_24595_379	UHM40bin4
UHM40bin4__k141_35727_39	UHM40bin4
UHM40bin4__k141_38018_16	UHM40bin4
UHM40bin4__k141_38124_95	UHM40bin4
UHM40bin4__k141_42080_43	UHM40bin4
UHM40bin4__k141_51364_2	UHM40bin4
UHM40bin4__k141_51758_102	UHM40bin4
UHM40bin4__k141_51758_109	UHM40bin4
UHM40bin4__k141_51758_17	UHM40bin4
UHM40bin4__k141_51758_7	UHM40bin4
UHM40bin4__k141_51758_92	UHM40bin4
UHM40bin4__k141_58351_58	UHM40bin4
UHM40bin4__k141_70866_49	UHM40bin4
UHM40bin4__k141_79640_58	UHM40bin4
UHM40bin4__k141_79715_14	UHM40bin4
UHM40bin4__k141_80587_59	UHM40bin4
UHM40bin4__k141_80587_61	UHM40bin4
UHM40bin4__k141_80587_62	UHM40bin4
UHM40bin4__k141_83195_29	UHM40bin4
UHM40bin4__k141_84135_18	UHM40bin4
UHM40bin4__k141_84504_25	UHM40bin4
UHM40bin4__k141_84504_35	UHM40bin4
UHM40bin4__k141_85423_18	UHM40bin4
UHM43bin53__k141_100052_9	UHM43bin53
UHM43bin53__k141_10989_77	UHM43bin53
UHM43bin53__k141_111302_26	UHM43bin53
UHM43bin53__k141_111302_36	UHM43bin53
UHM43bin53__k141_111302_89	UHM43bin53
UHM43bin53__k141_115647_11	UHM43bin53
UHM43bin53__k141_117805_26	UHM43bin53
UHM43bin53__k141_13016_1	UHM43bin53
UHM43bin53__k141_141120_15	UHM43bin53
UHM43bin53__k141_143230_2	UHM43bin53
UHM43bin53__k141_144160_26	UHM43bin53
UHM43bin53__k141_148583_32	UHM43bin53
UHM43bin53__k141_157202_1	UHM43bin53
UHM43bin53__k141_25273_2	UHM43bin53
UHM43bin53__k141_26253_55	UHM43bin53
UHM43bin53__k141_26253_56	UHM43bin53
UHM43bin53__k141_2972_55	UHM43bin53
UHM43bin53__k141_63049_34	UHM43bin53
UHM43bin53__k141_69495_28	UHM43bin53
UHM43bin53__k141_80950_13	UHM43bin53
UHM56bin19__k141_100254_1	UHM56bin19
UHM56bin19__k141_106229_3	UHM56bin19
UHM56bin19__k141_106702_15	UHM56bin19
UHM56bin19__k141_113923_4	UHM56bin19
UHM56bin19__k141_114626_2	UHM56bin19
UHM56bin19__k141_115454_11	UHM56bin19
UHM56bin19__k141_117581_4	UHM56bin19
UHM56bin19__k141_121255_3	UHM56bin19
UHM56bin19__k141_125383_3	UHM56bin19
UHM56bin19__k141_12547_3	UHM56bin19
UHM56bin19__k141_126775_3	UHM56bin19
UHM56bin19__k141_15110_4	UHM56bin19
UHM56bin19__k141_20021_2	UHM56bin19
UHM56bin19__k141_20879_1	UHM56bin19
UHM56bin19__k141_23296_4	UHM56bin19
UHM56bin19__k141_28042_7	UHM56bin19
UHM56bin19__k141_31343_6	UHM56bin19
UHM56bin19__k141_3224_3	UHM56bin19
UHM56bin19__k141_33475_3	UHM56bin19
UHM56bin19__k141_33601_7	UHM56bin19
UHM56bin19__k141_34732_5	UHM56bin19
UHM56bin19__k141_50545_2	UHM56bin19
UHM56bin19__k141_62277_4	UHM56bin19
UHM56bin19__k141_66905_5	UHM56bin19
UHM56bin19__k141_75381_4	UHM56bin19
UHM56bin19__k141_7913_6	UHM56bin19
UHM56bin19__k141_85213_2	UHM56bin19
UHM56bin19__k141_88164_3	UHM56bin19
UHM56bin19__k141_90307_4	UHM56bin19
UHM56bin19__k141_92879_3	UHM56bin19
UHM56bin19__k141_93265_3	UHM56bin19
UHM72bin19__k141_102569_34	UHM72bin19
UHM72bin19__k141_102569_83	UHM72bin19
UHM72bin19__k141_102584_22	UHM72bin19
UHM72bin19__k141_104665_14	UHM72bin19
UHM72bin19__k141_104665_26	UHM72bin19
UHM72bin19__k141_104873_1	UHM72bin19
UHM72bin19__k141_108912_8	UHM72bin19
UHM72bin19__k141_109786_77	UHM72bin19
UHM72bin19__k141_109786_78	UHM72bin19
UHM72bin19__k141_109786_80	UHM72bin19
UHM72bin19__k141_111721_144	UHM72bin19
UHM72bin19__k141_111721_34	UHM72bin19
UHM72bin19__k141_116244_7	UHM72bin19
UHM72bin19__k141_117307_28	UHM72bin19
UHM72bin19__k141_117307_70	UHM72bin19
UHM72bin19__k141_118426_76	UHM72bin19
UHM72bin19__k141_122156_73	UHM72bin19
UHM72bin19__k141_125775_121	UHM72bin19
UHM72bin19__k141_125775_43	UHM72bin19
UHM72bin19__k141_125775_9	UHM72bin19
UHM72bin19__k141_26829_28	UHM72bin19
UHM72bin19__k141_32079_12	UHM72bin19
UHM72bin19__k141_32680_14	UHM72bin19
UHM72bin19__k141_32680_20	UHM72bin19
UHM72bin19__k141_32680_27	UHM72bin19
UHM72bin19__k141_33060_145	UHM72bin19
UHM72bin19__k141_33060_184	UHM72bin19
UHM72bin19__k141_33060_209	UHM72bin19
UHM72bin19__k141_40840_39	UHM72bin19
UHM72bin19__k141_44711_1	UHM72bin19
UHM72bin19__k141_44711_69	UHM72bin19
UHM72bin19__k141_44711_79	UHM72bin19
UHM72bin19__k141_53243_70	UHM72bin19
UHM72bin19__k141_58913_3	UHM72bin19
UHM72bin19__k141_6202_9	UHM72bin19
UHM72bin19__k141_64763_112	UHM72bin19
UHM72bin19__k141_64763_33	UHM72bin19
UHM72bin19__k141_66890_101	UHM72bin19
UHM72bin19__k141_66890_156	UHM72bin19
