protein_id	KoxO_050916275	KoxO_016734995	KoxO_030343105	KoxO_030343565	KoxO_030343375	KoxO_900083995	KoxO_004360035	KoxO_030344075	KoxO_051951865	KoxO_017310465	KoxO_929608445	KoxO_040561445	KoxO_024918735	KoxO_900083795	KoxO_053276915	KoxO_902162875
UHM102bin47__k141_113605_9	1	1	1	1	1	1	1	1	1	1	1	1	1	1	1	1
UHM102bin47__k141_116961_3	1	0	1	1	1	1	1	1	1	1	1	0	1	1	1	1
UHM102bin47__k141_116961_37	1	1	1	1	1	1	1	1	1	1	1	1	1	1	1	1
UHM102bin47__k141_117384_27	1	1	1	1	1	1	1	1	1	1	1	1	1	1	1	1
UHM102bin47__k141_119261_30	1	1	1	1	1	1	1	1	1	1	1	1	1	1	1	1
UHM102bin47__k141_120499_24	1	1	1	1	1	1	1	1	1	1	1	1	1	1	1	1
UHM102bin47__k141_121109_5	0	0	1	1	1	0	1	1	1	0	1	0	0	1	1	0
UHM102bin47__k141_131645_5	1	1	1	1	1	1	1	1	1	1	1	1	1	1	1	1
UHM102bin47__k141_134112_6	1	1	1	1	1	1	1	1	1	1	1	1	1	1	1	1
UHM102bin47__k141_135727_34	1	1	1	1	1	1	1	1	1	1	1	1	1	1	1	1
UHM102bin47__k141_138182_13	1	1	1	1	1	1	1	1	1	1	1	1	1	1	1	1
UHM102bin47__k141_138711_10	1	1	1	1	1	1	1	1	1	1	1	1	1	1	1	1
UHM102bin47__k141_139350_22	1	1	1	1	1	1	1	1	1	1	1	1	1	1	1	1
UHM102bin47__k141_139702_10	1	1	1	1	1	1	1	1	1	1	1	1	1	1	1	1
UHM102bin47__k141_144615_4	1	1	1	1	1	1	1	1	1	1	1	1	1	1	1	1
UHM102bin47__k141_144615_5	1	1	1	1	1	1	1	1	1	1	1	1	1	1	1	1
UHM102bin47__k141_144615_7	1	1	1	1	1	1	1	1	1	1	1	1	1	1	1	1
UHM102bin47__k141_144621_20	1	1	1	1	1	1	1	1	1	1	1	1	1	1	1	1
UHM102bin47__k141_144747_4	1	1	1	1	1	1	1	1	1	1	1	1	1	1	1	1
UHM102bin47__k141_15921_3	1	1	1	1	1	1	1	1	1	1	1	1	1	1	1	1
UHM102bin47__k141_21772_14	1	1	1	1	1	1	1	1	1	1	1	1	1	1	1	1
UHM102bin47__k141_22727_15	1	1	1	1	1	1	1	1	1	1	1	1	1	1	1	1
UHM102bin47__k141_22727_25	1	1	1	1	1	1	1	1	1	1	1	1	1	1	1	1
UHM102bin47__k141_24501_14	1	1	1	1	1	1	1	1	1	1	1	1	1	1	1	1
UHM102bin47__k141_2843_4	1	1	1	1	1	1	1	1	1	1	1	1	1	1	1	1
UHM102bin47__k141_33357_6	1	1	1	1	1	1	1	1	1	1	1	1	1	1	1	1
UHM102bin47__k141_34177_4	1	1	1	1	1	1	1	1	1	1	1	1	1	1	1	1
UHM102bin47__k141_34895_2	1	1	1	1	1	1	1	1	1	1	1	1	1	1	1	1
UHM102bin47__k141_34947_3	1	1	1	1	1	1	1	1	1	1	1	1	1	1	1	1
UHM102bin47__k141_38395_1	1	1	1	1	1	1	1	1	1	1	1	1	1	1	1	1
UHM102bin47__k141_39567_2	1	1	1	1	1	1	1	1	1	1	1	1	1	1	1	1
UHM102bin47__k141_44979_2	1	1	1	1	1	1	1	1	1	1	1	1	1	1	1	1
UHM102bin47__k141_47894_2	1	1	1	1	1	1	1	1	1	1	1	1	1	1	1	1
UHM102bin47__k141_48864_39	1	1	1	1	1	1	1	1	1	1	1	1	1	1	1	1
UHM102bin47__k141_54027_7	1	1	1	1	1	1	1	1	1	1	1	1	1	1	1	1
UHM102bin47__k141_57807_12	1	1	1	1	1	1	1	1	1	0	1	1	1	1	1	1
UHM102bin47__k141_57807_18	1	1	1	1	1	1	1	1	1	1	1	1	1	1	1	1
UHM102bin47__k141_57807_25	1	1	1	1	1	1	1	1	1	1	1	1	1	1	1	1
UHM102bin47__k141_61961_20	1	1	1	1	1	1	1	1	1	1	1	1	1	1	1	1
UHM102bin47__k141_63081_11	1	0	1	1	1	1	1	1	1	1	1	1	1	1	1	1
UHM102bin47__k141_73636_4	1	1	1	1	1	1	1	1	1	1	1	1	1	1	1	1
UHM102bin47__k141_77912_5	1	1	1	1	1	1	1	1	1	1	1	1	1	1	1	1
UHM102bin47__k141_81591_30	1	1	1	1	1	1	1	1	1	1	1	1	1	1	1	1
UHM102bin47__k141_87317_3	1	1	1	1	1	1	1	1	1	1	1	1	1	1	1	1
UHM102bin47__k141_9567_12	1	1	1	1	1	1	1	1	1	1	1	1	1	1	1	1
UHM125bin22__k141_105336_13	1	1	1	1	1	1	1	1	1	1	1	1	1	1	1	1
UHM125bin22__k141_105336_48	1	1	1	1	1	1	1	1	1	1	1	1	1	1	1	1
UHM125bin22__k141_108317_44	1	0	1	1	1	1	1	1	1	1	1	0	1	1	1	1
UHM125bin22__k141_108317_9	1	1	1	1	1	1	1	1	1	1	1	1	1	1	1	1
UHM125bin22__k141_11459_76	1	1	1	1	1	1	1	1	1	1	1	1	1	1	1	1
UHM125bin22__k141_116436_109	1	1	1	1	1	1	1	1	1	1	1	1	1	1	1	1
UHM125bin22__k141_116436_13	1	1	1	1	1	1	1	1	1	1	1	1	1	1	1	1
UHM125bin22__k141_116436_145	1	1	1	1	1	1	1	1	1	1	1	1	1	1	1	1
UHM125bin22__k141_116436_189	1	1	1	1	1	1	1	1	1	1	1	1	1	1	1	1
UHM125bin22__k141_116436_218	1	1	1	1	1	1	1	1	1	1	1	1	1	1	1	1
UHM125bin22__k141_116436_52	1	1	1	1	1	1	1	1	1	1	1	1	1	1	1	1
UHM125bin22__k141_116436_77	1	1	1	1	1	1	1	1	1	1	1	1	1	1	1	1
UHM125bin22__k141_121389_1	1	1	1	1	1	1	1	1	1	1	1	1	1	1	1	1
UHM125bin22__k141_125417_18	1	1	1	1	1	1	1	1	1	0	1	1	1	1	1	1
UHM125bin22__k141_125417_30	1	1	1	1	1	1	1	1	1	1	1	1	1	1	1	1
UHM125bin22__k141_125570_52	1	1	1	1	1	1	1	1	1	1	1	1	1	1	1	1
UHM125bin22__k141_128872_16	1	0	1	1	1	1	1	1	1	1	1	1	1	1	1	1
UHM125bin22__k141_131084_69	1	1	1	1	1	1	1	1	1	1	1	1	1	1	1	1
UHM125bin22__k141_131614_15	1	1	1	1	1	1	1	1	1	1	1	1	1	1	1	1
UHM125bin22__k141_154965_41	1	1	1	1	1	1	1	1	1	1	1	1	1	1	1	1
UHM125bin22__k141_155483_44	1	1	1	1	1	1	1	1	1	1	1	1	1	1	1	1
UHM125bin22__k141_20697_159	1	1	1	1	1	1	1	1	1	1	1	1	1	1	1	1
UHM125bin22__k141_20697_42	1	1	1	1	1	1	1	1	1	1	1	1	1	1	1	1
UHM125bin22__k141_23854_32	1	1	1	1	1	1	1	1	1	1	1	1	1	1	1	1
UHM125bin22__k141_27491_115	1	1	1	1	1	1	1	1	1	1	1	1	1	1	1	1
UHM125bin22__k141_27491_4	1	1	1	1	1	1	1	1	1	1	1	1	1	1	1	1
UHM125bin22__k141_27491_57	1	1	1	1	1	1	1	1	1	1	1	1	1	1	1	1
UHM125bin22__k141_27491_67	1	1	1	1	1	1	1	1	1	1	1	1	1	1	1	1
UHM125bin22__k141_35465_127	1	1	1	1	1	1	1	1	1	1	1	1	1	1	1	1
UHM125bin22__k141_35480_2	1	1	1	1	1	1	1	1	1	1	1	1	1	1	1	1
UHM125bin22__k141_35901_26	1	1	1	1	1	1	1	1	1	1	1	1	1	1	1	1
UHM125bin22__k141_35901_36	1	1	1	1	1	1	1	1	1	1	1	1	1	1	1	1
UHM125bin22__k141_40548_92	1	1	1	1	1	1	1	1	1	1	1	1	1	1	1	1
UHM125bin22__k141_40554_24	1	1	1	1	1	1	1	1	1	1	1	1	1	1	1	1
UHM125bin22__k141_55992_66	1	1	1	1	1	1	1	1	1	1	1	1	1	1	1	1
UHM125bin22__k141_57044_31	1	1	1	1	1	1	1	1	1	1	1	1	1	1	1	1
UHM125bin22__k141_5898_55	1	1	1	1	1	1	1	1	1	1	1	1	1	1	1	1
UHM125bin22__k141_61065_21	1	1	1	1	1	1	1	1	1	1	1	1	1	1	1	1
UHM125bin22__k141_62480_69	1	1	1	1	1	1	1	1	1	1	1	1	1	1	1	1
UHM125bin22__k141_70341_17	1	1	1	1	1	1	1	1	1	1	1	1	1	1	1	1
UHM125bin22__k141_89394_301	1	1	1	1	1	1	1	1	1	1	1	1	1	1	1	1
UHM125bin22__k141_89394_302	1	1	1	1	1	1	1	1	1	1	1	1	1	1	1	1
UHM125bin22__k141_89394_304	1	1	1	1	1	1	1	1	1	1	1	1	1	1	1	1
UHM125bin48__k141_12330_137	1	1	1	1	1	1	1	1	1	1	1	1	1	1	1	1
UHM125bin48__k141_132383_128	1	1	1	1	1	1	1	1	1	1	1	1	1	1	1	1
UHM125bin48__k141_134485_32	1	1	1	1	1	1	1	1	1	1	1	1	1	1	1	1
UHM125bin48__k141_13765_2	1	1	1	1	1	1	1	1	1	1	1	1	1	1	1	1
UHM125bin48__k141_142709_34	1	1	1	1	1	1	1	1	1	1	1	1	1	1	1	1
UHM125bin48__k141_167857_122	1	1	1	1	1	1	1	1	1	1	1	1	1	1	1	1
UHM125bin48__k141_203804_102	1	1	1	1	1	1	1	1	1	1	1	1	1	1	1	1
UHM125bin48__k141_205170_107	1	1	1	1	1	1	1	1	1	1	1	1	1	1	1	1
UHM125bin48__k141_21561_1	1	1	1	1	1	1	1	1	1	1	1	1	1	1	1	1
UHM125bin48__k141_299522_119	1	1	1	1	1	1	1	1	1	1	1	1	1	1	1	1
UHM125bin48__k141_299522_84	1	1	1	1	1	1	1	1	1	1	1	1	1	1	1	1
UHM125bin48__k141_92202_124	1	1	1	1	1	1	1	1	1	1	1	1	1	1	1	1
UHM125bin48__k141_92202_134	1	1	1	1	1	1	1	1	1	1	1	1	1	1	1	1
UHM125bin48__k141_92202_187	1	1	1	1	1	1	1	1	1	1	1	1	1	1	1	1
UHM125bin48__k141_92202_4	1	1	1	1	1	1	1	1	1	1	1	1	1	1	1	1
UHM125bin48__k141_92202_76	1	1	1	1	1	1	1	1	1	1	1	1	1	1	1	1
UHM145bin17__k141_100486_5	1	1	1	1	1	1	1	1	1	1	1	1	1	1	1	1
UHM145bin17__k141_113344_2	1	1	1	1	1	1	1	1	1	1	1	1	1	1	1	1
UHM145bin17__k141_118445_4	1	1	1	1	1	1	1	1	1	1	1	1	1	1	1	1
UHM145bin17__k141_119420_14	1	1	1	1	1	1	1	1	1	1	1	1	1	1	1	1
UHM145bin17__k141_121710_1	1	1	1	1	1	1	1	1	1	1	1	1	1	1	1	1
UHM145bin17__k141_124820_9	1	1	1	1	1	1	1	1	1	1	1	1	1	1	1	1
UHM145bin17__k141_127317_4	1	1	1	1	1	1	1	1	1	1	1	1	1	1	1	1
UHM145bin17__k141_132383_10	1	1	1	1	1	1	1	1	1	1	1	1	1	1	1	1
UHM145bin17__k141_135854_3	1	1	1	1	1	1	1	1	1	1	1	1	1	1	1	1
UHM145bin17__k141_140830_3	1	1	1	1	1	1	1	1	1	1	1	1	1	1	1	1
UHM145bin17__k141_140906_3	1	1	1	1	1	1	1	1	1	1	1	1	1	1	1	1
UHM145bin17__k141_145161_4	1	1	1	1	1	1	1	1	1	1	1	1	1	1	1	1
UHM145bin17__k141_16853_2	1	1	1	1	1	1	1	1	1	1	1	1	1	1	1	1
UHM145bin17__k141_17742_6	1	1	1	1	1	1	1	1	1	1	1	1	1	1	1	1
UHM145bin17__k141_19577_5	1	1	1	1	1	1	1	1	1	1	1	1	1	1	1	1
UHM145bin17__k141_20989_5	1	1	1	1	1	1	1	1	1	1	1	1	1	1	1	1
UHM145bin17__k141_38534_2	1	1	1	1	1	1	1	1	1	1	1	1	1	1	1	1
UHM145bin17__k141_38534_4	1	1	1	1	1	1	1	1	1	1	1	1	1	1	1	1
UHM145bin17__k141_39625_1	1	1	1	1	1	1	1	1	1	1	1	1	1	1	1	1
UHM145bin17__k141_40619_2	1	1	1	1	1	1	1	1	1	1	1	1	1	1	1	1
UHM145bin17__k141_44253_2	1	1	1	1	1	1	1	1	1	1	1	1	1	1	1	1
UHM145bin17__k141_44935_3	1	1	1	1	1	1	1	1	1	1	1	1	1	1	1	1
UHM145bin17__k141_45768_1	1	1	1	1	1	1	1	1	1	1	1	1	1	1	1	1
UHM145bin17__k141_46975_5	1	1	1	1	1	1	1	1	1	1	1	1	1	1	1	1
UHM145bin17__k141_55779_7	1	1	1	1	1	1	1	1	1	0	1	1	1	1	1	1
UHM145bin17__k141_60008_8	0	0	0	0	0	0	0	0	0	0	0	0	0	0	0	0
UHM145bin17__k141_63612_2	1	1	1	1	1	1	1	1	1	1	1	1	1	1	1	1
UHM145bin17__k141_66140_2	1	1	1	1	1	1	1	1	1	1	1	1	1	1	1	1
UHM145bin17__k141_74359_3	1	1	1	1	1	1	1	1	1	1	1	1	1	1	1	1
UHM145bin17__k141_77723_5	1	1	1	1	1	1	1	1	1	1	1	1	1	1	1	1
UHM145bin17__k141_7989_4	1	0	1	1	1	1	1	1	1	1	1	0	1	1	1	1
UHM145bin17__k141_86069_1	1	1	1	1	1	1	1	1	1	1	1	1	1	1	1	1
UHM145bin17__k141_87543_1	0	0	1	1	1	0	1	1	1	0	1	0	0	1	1	0
UHM145bin17__k141_90939_11	1	0	1	1	1	1	1	1	1	1	1	1	1	1	1	1
UHM145bin17__k141_93975_6	1	1	1	1	1	1	1	1	1	1	1	1	1	1	1	1
UHM145bin17__k141_97365_8	1	1	1	1	1	1	1	1	1	1	1	1	1	1	1	1
UHM145bin28__k141_101097_6	1	1	1	1	1	1	1	1	1	1	1	1	1	1	1	1
UHM145bin28__k141_101835_25	1	1	1	1	1	1	1	1	1	1	1	1	1	1	1	1
UHM145bin28__k141_101835_35	1	1	1	1	1	1	1	1	1	1	1	1	1	1	1	1
UHM145bin28__k141_101835_64	1	1	1	1	1	1	1	1	1	1	1	1	1	1	1	1
UHM145bin28__k141_144755_20	1	1	1	1	1	1	1	1	1	1	1	1	1	1	1	1
UHM145bin28__k141_153204_18	1	1	1	1	1	1	1	1	1	1	1	1	1	1	1	1
UHM145bin28__k141_157115_8	1	1	1	1	1	1	1	1	1	1	1	1	1	1	1	1
UHM145bin28__k141_166374_70	1	1	1	1	1	1	1	1	1	1	1	1	1	1	1	1
UHM145bin28__k141_180629_17	1	1	1	1	1	1	1	1	1	1	1	1	1	1	1	1
UHM145bin28__k141_180629_53	1	1	1	1	1	1	1	1	1	1	1	1	1	1	1	1
UHM145bin28__k141_192550_1	1	1	1	1	1	1	1	1	1	1	1	1	1	1	1	1
UHM145bin28__k141_200935_27	1	1	1	1	1	1	1	1	1	1	1	1	1	1	1	1
UHM145bin28__k141_208910_8	1	1	1	1	1	1	1	1	1	1	1	1	1	1	1	1
UHM145bin28__k141_214162_107	1	1	1	1	1	1	1	1	1	1	1	1	1	1	1	1
UHM145bin28__k141_214162_140	1	1	1	1	1	1	1	1	1	1	1	1	1	1	1	1
UHM145bin28__k141_214162_29	1	1	1	1	1	1	1	1	1	1	1	1	1	1	1	1
UHM145bin28__k141_214162_71	1	1	1	1	1	1	1	1	1	1	1	1	1	1	1	1
UHM145bin28__k141_218190_3	1	1	1	1	1	1	1	1	1	1	1	1	1	1	1	1
UHM145bin28__k141_218190_42	1	1	1	1	1	1	1	1	1	1	1	1	1	1	1	1
UHM145bin28__k141_220579_126	1	1	1	1	1	1	1	1	1	0	1	1	1	1	1	0
UHM145bin28__k141_220579_47	1	1	1	1	1	1	1	1	1	1	1	1	1	1	1	1
UHM145bin28__k141_227303_39	1	1	1	1	1	1	1	1	1	1	1	1	1	1	1	1
UHM145bin28__k141_233280_4	1	1	1	1	1	1	1	1	1	1	1	1	1	1	1	1
UHM145bin28__k141_237176_2	1	1	1	1	1	1	1	1	1	0	1	1	1	1	1	1
UHM145bin28__k141_245763_59	1	1	1	1	1	1	1	1	1	1	1	1	1	1	1	1
UHM145bin28__k141_246764_2	1	1	1	1	1	1	1	1	1	1	1	1	1	1	1	1
UHM145bin28__k141_255422_64	1	0	1	1	1	1	1	1	1	1	1	1	1	1	1	1
UHM145bin28__k141_256650_12	1	1	1	1	1	1	1	1	1	1	1	1	1	1	1	1
UHM145bin28__k141_256650_5	1	1	1	1	1	1	1	1	1	1	1	1	1	1	1	1
UHM145bin28__k141_257196_130	1	1	1	1	1	1	1	1	1	1	1	1	1	1	1	1
UHM145bin28__k141_257196_35	1	1	1	1	1	1	1	1	1	1	1	1	1	1	1	1
UHM145bin28__k141_29627_63	1	1	1	1	1	1	1	1	1	1	1	1	1	1	1	1
UHM145bin28__k141_29627_64	1	1	1	1	1	1	1	1	1	1	1	1	1	1	1	1
UHM145bin28__k141_29627_66	1	1	1	1	1	1	1	1	1	1	1	1	1	1	1	1
UHM145bin28__k141_32743_1	1	1	1	1	1	1	1	1	1	1	1	1	1	1	1	1
UHM145bin28__k141_4249_9	1	1	1	1	1	1	1	1	1	1	1	1	1	1	1	1
UHM145bin28__k141_46230_135	1	0	1	1	1	1	1	1	1	1	1	0	1	1	1	1
UHM145bin28__k141_46230_169	1	1	1	1	1	1	1	1	1	1	1	1	1	1	1	1
UHM145bin28__k141_46230_61	1	1	1	1	1	1	1	1	1	1	1	1	1	1	1	1
UHM145bin28__k141_60526_2	0	0	1	1	1	0	1	1	1	0	1	0	0	1	1	0
UHM145bin28__k141_66451_9	1	1	1	1	1	1	1	1	1	1	1	1	1	1	1	1
UHM145bin28__k141_9153_71	1	1	1	1	1	1	1	1	1	1	1	1	1	1	1	1
UHM145bin33__k141_104710_10	1	1	1	1	1	1	1	1	1	1	1	1	1	1	1	1
UHM145bin33__k141_107551_25	1	1	1	1	1	1	1	1	1	1	1	1	1	1	1	1
UHM145bin33__k141_108505_28	1	1	1	1	1	1	1	1	1	1	1	1	1	1	1	1
UHM145bin33__k141_108505_29	1	1	1	1	1	1	1	1	1	1	1	1	1	1	1	1
UHM145bin33__k141_108505_31	1	1	1	1	1	1	1	1	1	1	1	1	1	1	1	1
UHM145bin33__k141_125673_1	0	0	1	1	1	0	1	1	1	0	1	0	0	1	1	0
UHM145bin33__k141_125756_14	1	1	1	1	1	1	1	1	1	1	1	1	1	1	1	1
UHM145bin33__k141_126548_9	1	1	1	1	1	1	1	1	1	1	1	1	1	1	1	1
UHM145bin33__k141_130605_2	1	1	1	1	1	1	1	1	1	1	1	1	1	1	1	1
UHM145bin33__k141_131588_32	1	0	1	1	1	1	1	1	1	1	1	0	1	1	1	1
UHM145bin33__k141_131588_66	1	1	1	1	1	1	1	1	1	1	1	1	1	1	1	1
UHM145bin33__k141_133338_9	1	1	1	1	1	1	1	1	1	1	1	1	1	1	1	1
UHM145bin33__k141_133591_16	1	1	1	1	1	1	1	1	1	1	1	1	1	1	1	1
UHM145bin33__k141_19754_8	1	1	1	1	1	1	1	1	1	0	1	1	1	1	1	1
UHM145bin33__k141_19916_2	1	1	1	1	1	1	1	1	1	1	1	1	1	1	1	1
UHM145bin33__k141_19916_9	1	1	1	1	1	1	1	1	1	1	1	1	1	1	1	1
UHM145bin33__k141_2088_8	1	1	1	1	1	1	1	1	1	1	1	1	1	1	1	1
UHM145bin33__k141_2136_22	1	1	1	1	1	1	1	1	1	1	1	1	1	1	1	1
UHM145bin33__k141_21633_27	1	1	1	1	1	1	1	1	1	1	1	1	1	1	1	1
UHM145bin33__k141_22275_2	1	1	1	1	1	1	1	1	1	1	1	1	1	1	1	1
UHM145bin33__k141_2311_2	1	1	1	1	1	1	1	1	1	1	1	1	1	1	1	1
UHM145bin33__k141_23388_22	1	1	1	1	1	1	1	1	1	1	1	1	1	1	1	1
UHM145bin33__k141_31941_36	1	1	1	1	1	1	1	1	1	1	1	1	1	1	1	1
UHM145bin33__k141_32067_19	1	1	1	1	1	1	1	1	1	1	1	1	1	1	1	1
UHM145bin33__k141_35811_26	1	1	1	1	1	1	1	1	1	1	1	1	1	1	1	1
UHM145bin33__k141_36839_3	1	1	1	1	1	1	1	1	1	1	1	1	1	1	1	1
UHM145bin33__k141_37340_7	1	1	1	1	1	1	1	1	1	1	1	1	1	1	1	1
UHM145bin33__k141_44193_41	1	1	1	1	1	1	1	1	1	1	1	1	1	1	1	1
UHM145bin33__k141_44193_5	1	1	1	1	1	1	1	1	1	1	1	1	1	1	1	1
UHM145bin33__k141_44202_40	1	1	1	1	1	1	1	1	1	1	1	1	1	1	1	1
UHM145bin33__k141_45057_15	1	1	1	1	1	1	1	1	1	1	1	1	1	1	1	1
UHM145bin33__k141_50473_5	1	1	1	1	1	1	1	1	1	1	1	1	1	1	1	1
UHM145bin33__k141_53789_19	1	0	1	1	1	1	1	1	1	1	1	1	1	1	1	1
UHM145bin33__k141_68201_4	1	1	1	1	1	1	1	1	1	1	1	1	1	1	1	1
UHM145bin33__k141_73141_2	1	1	1	1	1	1	1	1	1	1	1	1	1	1	1	1
UHM145bin33__k141_74550_5	1	1	1	1	1	1	1	1	1	1	1	1	1	1	1	1
UHM145bin33__k141_75847_2	1	1	1	1	1	1	1	1	1	1	1	1	1	1	1	1
UHM145bin33__k141_77428_4	1	1	1	1	1	1	1	1	1	1	1	1	1	1	1	1
UHM145bin33__k141_79123_39	1	1	1	1	1	1	1	1	1	0	1	1	1	1	1	0
UHM145bin33__k141_84592_5	1	1	1	1	1	1	1	1	1	1	1	1	1	1	1	1
UHM145bin33__k141_97234_14	1	1	1	1	1	1	1	1	1	1	1	1	1	1	1	1
UHM17bin35__k141_10704_17	1	1	1	1	1	1	1	1	1	1	1	1	1	1	1	1
UHM17bin35__k141_10826_104	1	1	1	1	1	1	1	1	1	1	1	1	1	1	1	1
UHM17bin35__k141_10826_9	1	1	1	1	1	1	1	1	1	1	1	1	1	1	1	1
UHM17bin35__k141_14023_54	1	1	1	1	1	1	1	1	1	1	1	1	1	1	1	1
UHM17bin35__k141_14501_6	1	1	1	1	1	1	1	1	1	1	1	1	1	1	1	1
UHM17bin35__k141_1884_15	1	1	1	1	1	1	1	1	1	1	1	1	1	1	1	1
UHM17bin35__k141_27135_7	1	1	1	1	1	1	1	1	1	1	1	1	1	1	1	1
UHM17bin35__k141_32671_47	1	1	1	1	1	1	1	1	1	1	1	1	1	1	1	1
UHM17bin35__k141_32818_6	1	1	1	1	1	1	1	1	1	1	1	1	1	1	1	1
UHM17bin35__k141_33307_15	1	1	1	1	1	1	1	1	1	1	1	1	1	1	1	1
UHM17bin35__k141_36062_18	1	1	1	1	1	1	1	1	1	1	1	1	1	1	1	1
UHM17bin35__k141_38804_60	1	1	1	1	1	1	1	1	1	1	1	1	1	1	1	1
UHM17bin35__k141_4308_43	1	0	1	1	1	1	1	1	1	1	1	0	1	1	1	1
UHM17bin35__k141_4308_9	1	1	1	1	1	1	1	1	1	1	1	1	1	1	1	1
UHM17bin35__k141_46105_18	1	1	1	1	1	1	1	1	1	1	1	1	1	1	1	1
UHM17bin35__k141_46105_20	1	1	1	1	1	1	1	1	1	1	1	1	1	1	1	1
UHM17bin35__k141_46105_21	1	1	1	1	1	1	1	1	1	1	1	1	1	1	1	1
UHM17bin35__k141_51412_1	1	1	1	1	1	1	1	1	1	1	1	1	1	1	1	1
UHM17bin35__k141_61181_42	1	0	1	1	1	1	1	1	1	1	1	1	1	1	1	1
UHM17bin35__k141_61305_54	1	1	1	1	1	1	1	1	1	1	1	1	1	1	1	1
UHM17bin35__k141_61305_89	1	1	1	1	1	1	1	1	1	1	1	1	1	1	1	1
UHM17bin35__k141_62455_29	0	0	1	1	1	0	1	1	1	0	1	0	0	1	1	0
UHM17bin35__k141_6524_5	1	1	1	1	1	1	1	1	1	1	1	1	1	1	1	1
UHM17bin35__k141_65613_20	1	1	1	1	1	1	1	1	1	1	1	1	1	1	1	1
UHM17bin35__k141_7020_9	1	1	1	1	1	1	1	1	1	1	1	1	1	1	1	1
UHM17bin35__k141_74397_100	1	1	1	1	1	1	1	1	1	1	1	1	1	1	1	1
UHM17bin35__k141_74397_133	1	1	1	1	1	1	1	1	1	1	1	1	1	1	1	1
UHM17bin35__k141_74397_169	1	1	1	1	1	1	1	1	1	1	1	1	1	1	1	1
UHM17bin35__k141_74397_211	1	1	1	1	1	1	1	1	1	1	1	1	1	1	1	1
UHM17bin35__k141_74397_239	1	1	1	1	1	1	1	1	1	1	1	1	1	1	1	1
UHM17bin35__k141_74397_36	1	1	1	1	1	1	1	1	1	1	1	1	1	1	1	1
UHM17bin35__k141_74397_75	1	1	1	1	1	1	1	1	1	1	1	1	1	1	1	1
UHM17bin35__k141_79701_18	1	1	1	1	1	1	1	1	1	1	1	1	1	1	1	1
UHM17bin35__k141_89241_67	1	1	1	1	1	1	1	1	1	1	1	1	1	1	1	1
UHM17bin35__k141_89891_15	1	1	1	1	1	1	1	1	1	0	1	1	1	1	1	1
UHM17bin35__k141_89891_2	1	1	1	1	1	1	1	1	1	1	1	1	1	1	1	1
UHM17bin35__k141_89891_9	1	1	1	1	1	1	1	1	1	1	1	1	1	1	1	1
UHM17bin35__k141_90749_21	1	1	1	1	1	1	1	1	1	1	1	1	1	1	1	1
UHM17bin35__k141_94036_33	1	1	1	1	1	1	1	1	1	1	1	1	1	1	1	1
UHM17bin35__k141_95952_4	1	1	1	1	1	1	1	1	1	1	1	1	1	1	1	1
UHM17bin35__k141_96183_106	1	1	1	1	1	1	1	1	1	0	1	1	1	1	1	0
UHM17bin35__k141_97645_8	1	1	1	1	1	1	1	1	1	1	1	1	1	1	1	1
UHM17bin35__k141_9959_18	1	1	1	1	1	1	1	1	1	1	1	1	1	1	1	1
UHM17bin35__k141_9959_8	1	1	1	1	1	1	1	1	1	1	1	1	1	1	1	1
UHM18bin40__k141_101850_151	0	0	1	1	1	0	1	1	1	0	1	0	0	1	1	0
UHM18bin40__k141_101850_96	1	1	1	1	1	1	1	1	1	1	1	1	1	1	1	1
UHM18bin40__k141_102108_14	1	1	1	1	1	1	1	1	1	0	1	1	1	1	1	1
UHM18bin40__k141_102108_20	1	1	1	1	1	1	1	1	1	1	1	1	1	1	1	1
UHM18bin40__k141_102108_27	1	1	1	1	1	1	1	1	1	1	1	1	1	1	1	1
UHM18bin40__k141_10902_14	1	1	1	1	1	1	1	1	1	1	1	1	1	1	1	1
UHM18bin40__k141_120545_77	1	1	1	1	1	1	1	1	1	1	1	1	1	1	1	1
UHM18bin40__k141_120545_78	1	1	1	1	1	1	1	1	1	1	1	1	1	1	1	1
UHM18bin40__k141_120545_80	1	1	1	1	1	1	1	1	1	1	1	1	1	1	1	1
UHM18bin40__k141_146734_17	1	1	1	1	1	1	1	1	1	1	1	1	1	1	1	1
UHM18bin40__k141_148791_34	1	1	1	1	1	1	1	1	1	1	1	1	1	1	1	1
UHM18bin40__k141_155268_35	1	1	1	1	1	1	1	1	1	1	1	1	1	1	1	1
UHM18bin40__k141_160197_13	1	1	1	1	1	1	1	1	1	1	1	1	1	1	1	1
UHM18bin40__k141_165164_39	1	1	1	1	1	1	1	1	1	1	1	1	1	1	1	1
UHM18bin40__k141_165164_78	1	1	1	1	1	1	1	1	1	1	1	1	1	1	1	1
UHM18bin40__k141_165964_34	1	1	1	1	1	1	1	1	1	1	1	1	1	1	1	1
UHM18bin40__k141_183129_92	1	1	1	1	1	1	1	1	1	1	1	1	1	1	1	1
UHM18bin40__k141_185600_22	1	1	1	1	1	1	1	1	1	1	1	1	1	1	1	1
UHM18bin40__k141_186929_7	1	1	1	1	1	1	1	1	1	1	1	1	1	1	1	1
UHM18bin40__k141_188118_32	1	1	1	1	1	1	1	1	1	1	1	1	1	1	1	1
UHM18bin40__k141_198057_133	1	1	1	1	1	1	1	1	1	1	1	1	1	1	1	1
UHM18bin40__k141_198057_63	1	1	1	1	1	1	1	1	1	1	1	1	1	1	1	1
UHM18bin40__k141_198057_91	1	1	1	1	1	1	1	1	1	1	1	1	1	1	1	1
UHM18bin40__k141_203153_35	1	1	1	1	1	1	1	1	1	1	1	1	1	1	1	1
UHM18bin40__k141_208139_24	1	1	1	1	1	1	1	1	1	1	1	1	1	1	1	1
UHM18bin40__k141_208139_34	1	1	1	1	1	1	1	1	1	1	1	1	1	1	1	1
UHM18bin40__k141_20926_9	1	1	1	1	1	1	1	1	1	1	1	1	1	1	1	1
UHM18bin40__k141_212494_43	1	0	1	1	1	1	1	1	1	1	1	0	1	1	1	1
UHM18bin40__k141_212494_9	1	1	1	1	1	1	1	1	1	1	1	1	1	1	1	1
UHM18bin40__k141_212831_73	1	1	1	1	1	1	1	1	1	1	1	1	1	1	1	1
UHM18bin40__k141_3277_73	1	1	1	1	1	1	1	1	1	1	1	1	1	1	1	1
UHM18bin40__k141_34875_34	1	0	1	1	1	1	1	1	1	1	1	1	1	1	1	1
UHM18bin40__k141_36755_14	1	1	1	1	1	1	1	1	1	1	1	1	1	1	1	1
UHM18bin40__k141_36898_26	1	1	1	1	1	1	1	1	1	1	1	1	1	1	1	1
UHM18bin40__k141_44810_57	1	1	1	1	1	1	1	1	1	1	1	1	1	1	1	1
UHM18bin40__k141_54310_20	1	1	1	1	1	1	1	1	1	1	1	1	1	1	1	1
UHM18bin40__k141_62708_25	1	1	1	1	1	1	1	1	1	1	1	1	1	1	1	1
UHM18bin40__k141_62708_35	1	1	1	1	1	1	1	1	1	1	1	1	1	1	1	1
UHM18bin40__k141_69473_75	1	1	1	1	1	1	1	1	1	1	1	1	1	1	1	1
UHM18bin40__k141_76397_6	1	1	1	1	1	1	1	1	1	1	1	1	1	1	1	1
UHM18bin40__k141_7934_17	1	1	1	1	1	1	1	1	1	1	1	1	1	1	1	1
UHM18bin40__k141_91157_17	1	1	1	1	1	1	1	1	1	1	1	1	1	1	1	1
UHM18bin40__k141_98116_55	1	1	1	1	1	1	1	1	1	1	1	1	1	1	1	1
UHM20bin12__k141_106873_182	1	1	1	1	1	1	1	1	1	0	1	1	1	1	1	0
UHM20bin12__k141_106873_261	1	1	1	1	1	1	1	1	1	1	1	1	1	1	1	1
UHM20bin12__k141_106873_3	1	1	1	1	1	1	1	1	1	1	1	1	1	1	1	1
UHM20bin12__k141_106873_42	1	1	1	1	1	1	1	1	1	1	1	1	1	1	1	1
UHM20bin12__k141_113322_35	1	1	1	1	1	1	1	1	1	1	1	1	1	1	1	1
UHM20bin12__k141_125841_16	1	1	1	1	1	1	1	1	1	1	1	1	1	1	1	1
UHM20bin12__k141_134186_14	1	1	1	1	1	1	1	1	1	0	1	1	1	1	1	1
UHM20bin12__k141_134186_20	1	1	1	1	1	1	1	1	1	1	1	1	1	1	1	1
UHM20bin12__k141_134186_27	1	1	1	1	1	1	1	1	1	1	1	1	1	1	1	1
UHM20bin12__k141_140708_106	1	1	1	1	1	1	1	1	1	1	1	1	1	1	1	1
UHM20bin12__k141_140708_139	1	1	1	1	1	1	1	1	1	1	1	1	1	1	1	1
UHM20bin12__k141_140708_28	1	1	1	1	1	1	1	1	1	1	1	1	1	1	1	1
UHM20bin12__k141_140708_70	1	1	1	1	1	1	1	1	1	1	1	1	1	1	1	1
UHM20bin12__k141_14922_130	1	1	1	1	1	1	1	1	1	1	1	1	1	1	1	1
UHM20bin12__k141_14922_35	1	1	1	1	1	1	1	1	1	1	1	1	1	1	1	1
UHM20bin12__k141_153480_8	1	1	1	1	1	1	1	1	1	1	1	1	1	1	1	1
UHM20bin12__k141_157456_27	1	1	1	1	1	1	1	1	1	1	1	1	1	1	1	1
UHM20bin12__k141_164804_120	1	1	1	1	1	1	1	1	1	1	1	1	1	1	1	1
UHM20bin12__k141_164804_84	1	1	1	1	1	1	1	1	1	1	1	1	1	1	1	1
UHM20bin12__k141_180387_22	1	1	1	1	1	1	1	1	1	1	1	1	1	1	1	1
UHM20bin12__k141_187401_37	1	0	1	1	1	1	1	1	1	1	1	1	1	1	1	1
UHM20bin12__k141_188320_10	1	1	1	1	1	1	1	1	1	1	1	1	1	1	1	1
UHM20bin12__k141_191723_9	1	1	1	1	1	1	1	1	1	1	1	1	1	1	1	1
UHM20bin12__k141_205943_39	1	1	1	1	1	1	1	1	1	1	1	1	1	1	1	1
UHM20bin12__k141_205967_51	1	1	1	1	1	1	1	1	1	1	1	1	1	1	1	1
UHM20bin12__k141_207334_117	1	1	1	1	1	1	1	1	1	1	1	1	1	1	1	1
UHM20bin12__k141_207334_43	1	0	1	1	1	1	1	1	1	1	1	0	1	1	1	1
UHM20bin12__k141_207334_9	1	1	1	1	1	1	1	1	1	1	1	1	1	1	1	1
UHM20bin12__k141_27367_2	1	1	1	1	1	1	1	1	1	1	1	1	1	1	1	1
UHM20bin12__k141_29309_40	1	1	1	1	1	1	1	1	1	1	1	1	1	1	1	1
UHM20bin12__k141_30882_77	0	0	1	1	1	0	1	1	1	0	1	0	0	1	1	0
UHM20bin12__k141_34860_60	1	1	1	1	1	1	1	1	1	1	1	1	1	1	1	1
UHM20bin12__k141_34860_62	1	1	1	1	1	1	1	1	1	1	1	1	1	1	1	1
UHM20bin12__k141_34860_63	1	1	1	1	1	1	1	1	1	1	1	1	1	1	1	1
UHM20bin12__k141_41074_18	1	1	1	1	1	1	1	1	1	1	1	1	1	1	1	1
UHM20bin12__k141_54324_12	1	1	1	1	1	1	1	1	1	1	1	1	1	1	1	1
UHM20bin12__k141_55969_128	1	1	1	1	1	1	1	1	1	1	1	1	1	1	1	1
UHM20bin12__k141_55969_49	1	1	1	1	1	1	1	1	1	1	1	1	1	1	1	1
UHM20bin12__k141_55969_59	1	1	1	1	1	1	1	1	1	1	1	1	1	1	1	1
UHM20bin12__k141_55969_88	1	1	1	1	1	1	1	1	1	1	1	1	1	1	1	1
UHM20bin12__k141_85957_71	1	1	1	1	1	1	1	1	1	1	1	1	1	1	1	1
UHM20bin12__k141_86214_14	1	1	1	1	1	1	1	1	1	1	1	1	1	1	1	1
UHM20bin12__k141_92491_28	1	1	1	1	1	1	1	1	1	1	1	1	1	1	1	1
UHM20bin12__k141_99971_9	1	1	1	1	1	1	1	1	1	1	1	1	1	1	1	1
UHM20bin40__k141_100409_33	1	1	1	1	1	1	1	1	1	1	1	1	1	1	1	1
UHM20bin40__k141_104402_4	1	1	1	1	1	1	1	1	1	1	1	1	1	1	1	1
UHM20bin40__k141_112877_22	1	1	1	1	1	1	1	1	1	1	1	1	1	1	1	1
UHM20bin40__k141_117011_111	1	1	1	1	1	1	1	1	1	1	1	1	1	1	1	1
UHM20bin40__k141_117011_38	1	1	1	1	1	1	1	1	1	1	1	1	1	1	1	1
UHM20bin40__k141_11765_37	1	0	1	1	1	1	1	1	1	1	1	1	1	1	1	1
UHM20bin40__k141_120749_182	1	1	1	1	1	1	1	1	1	0	1	1	1	1	1	0
UHM20bin40__k141_120749_261	1	1	1	1	1	1	1	1	1	1	1	1	1	1	1	1
UHM20bin40__k141_120749_3	1	1	1	1	1	1	1	1	1	1	1	1	1	1	1	1
UHM20bin40__k141_120749_42	1	1	1	1	1	1	1	1	1	1	1	1	1	1	1	1
UHM20bin40__k141_125108_106	1	1	1	1	1	1	1	1	1	1	1	1	1	1	1	1
UHM20bin40__k141_125108_139	1	1	1	1	1	1	1	1	1	1	1	1	1	1	1	1
UHM20bin40__k141_125108_28	1	1	1	1	1	1	1	1	1	1	1	1	1	1	1	1
UHM20bin40__k141_125108_70	1	1	1	1	1	1	1	1	1	1	1	1	1	1	1	1
UHM20bin40__k141_12709_14	1	1	1	1	1	1	1	1	1	1	1	1	1	1	1	1
UHM20bin40__k141_16819_101	1	1	1	1	1	1	1	1	1	1	1	1	1	1	1	1
UHM20bin40__k141_18329_104	1	1	1	1	1	1	1	1	1	1	1	1	1	1	1	1
UHM20bin40__k141_18329_25	1	1	1	1	1	1	1	1	1	1	1	1	1	1	1	1
UHM20bin40__k141_18329_35	1	1	1	1	1	1	1	1	1	1	1	1	1	1	1	1
UHM20bin40__k141_18329_64	1	1	1	1	1	1	1	1	1	1	1	1	1	1	1	1
UHM20bin40__k141_23853_18	1	1	1	1	1	1	1	1	1	1	1	1	1	1	1	1
UHM20bin40__k141_25346_2	1	1	1	1	1	1	1	1	1	1	1	1	1	1	1	1
UHM20bin40__k141_27429_8	1	1	1	1	1	1	1	1	1	1	1	1	1	1	1	1
UHM20bin40__k141_30643_28	1	1	1	1	1	1	1	1	1	1	1	1	1	1	1	1
UHM20bin40__k141_34662_9	1	1	1	1	1	1	1	1	1	1	1	1	1	1	1	1
UHM20bin40__k141_398_117	1	1	1	1	1	1	1	1	1	1	1	1	1	1	1	1
UHM20bin40__k141_398_43	1	0	1	1	1	1	1	1	1	1	1	0	1	1	1	1
UHM20bin40__k141_398_9	1	1	1	1	1	1	1	1	1	1	1	1	1	1	1	1
UHM20bin40__k141_47550_17	1	1	1	1	1	1	1	1	1	1	1	1	1	1	1	1
UHM20bin40__k141_47550_53	1	1	1	1	1	1	1	1	1	1	1	1	1	1	1	1
UHM20bin40__k141_55372_16	1	1	1	1	1	1	1	1	1	1	1	1	1	1	1	1
UHM20bin40__k141_58208_71	1	1	1	1	1	1	1	1	1	1	1	1	1	1	1	1
UHM20bin40__k141_58633_39	1	1	1	1	1	1	1	1	1	1	1	1	1	1	1	1
UHM20bin40__k141_62497_2	1	1	1	1	1	1	1	1	1	1	1	1	1	1	1	1
UHM20bin40__k141_70555_5	1	1	1	1	1	1	1	1	1	1	1	1	1	1	1	1
UHM20bin40__k141_74604_100	1	1	1	1	1	1	1	1	1	1	1	1	1	1	1	1
UHM20bin40__k141_74604_97	1	1	1	1	1	1	1	1	1	1	1	1	1	1	1	1
UHM20bin40__k141_74604_98	1	1	1	1	1	1	1	1	1	1	1	1	1	1	1	1
UHM20bin40__k141_80304_14	1	1	1	1	1	1	1	1	1	1	1	1	1	1	1	1
UHM20bin40__k141_80640_77	0	0	1	1	1	0	1	1	1	0	1	0	0	1	1	0
UHM20bin40__k141_91578_15	1	1	1	1	1	1	1	1	1	0	1	1	1	1	1	1
UHM20bin40__k141_91578_2	1	1	1	1	1	1	1	1	1	1	1	1	1	1	1	1
UHM20bin40__k141_91578_9	1	1	1	1	1	1	1	1	1	1	1	1	1	1	1	1
UHM20bin40__k141_97855_57	1	1	1	1	1	1	1	1	1	1	1	1	1	1	1	1
UHM20bin40__k141_99892_39	1	1	1	1	1	1	1	1	1	1	1	1	1	1	1	1
UHM22bin50__k141_100266_3	1	1	1	1	1	1	1	1	1	1	1	1	1	1	1	1
UHM22bin50__k141_109658_26	1	1	1	1	1	1	1	1	1	1	1	1	1	1	1	1
UHM22bin50__k141_110970_7	1	1	1	1	1	1	1	1	1	1	1	1	1	1	1	1
UHM22bin50__k141_114170_18	1	1	1	1	1	1	1	1	1	1	1	1	1	1	1	1
UHM22bin50__k141_115667_32	1	1	1	1	1	1	1	1	1	1	1	1	1	1	1	1
UHM22bin50__k141_115667_34	1	1	1	1	1	1	1	1	1	1	1	1	1	1	1	1
UHM22bin50__k141_115667_35	1	1	1	1	1	1	1	1	1	1	1	1	1	1	1	1
UHM22bin50__k141_11737_18	1	1	1	1	1	1	1	1	1	1	1	1	1	1	1	1
UHM22bin50__k141_119958_8	1	1	1	1	1	1	1	1	1	1	1	1	1	1	1	1
UHM22bin50__k141_129689_1	1	1	1	1	1	1	1	1	1	1	1	1	1	1	1	1
UHM22bin50__k141_17393_5	1	1	1	1	1	1	1	1	1	1	1	1	1	1	1	1
UHM22bin50__k141_21582_4	1	1	1	1	1	1	1	1	1	1	1	1	1	1	1	1
UHM22bin50__k141_21705_9	1	1	1	1	1	1	1	1	1	1	1	1	1	1	1	1
UHM22bin50__k141_24127_2	1	1	1	1	1	1	1	1	1	1	1	1	1	1	1	1
UHM22bin50__k141_28899_3	1	0	1	1	1	1	1	1	1	1	1	1	1	1	1	1
UHM22bin50__k141_3561_12	1	1	1	1	1	1	1	1	1	1	1	1	1	1	1	1
UHM22bin50__k141_4198_17	1	1	1	1	1	1	1	1	1	1	1	1	1	1	1	1
UHM22bin50__k141_44182_17	1	1	1	1	1	1	1	1	1	1	1	1	1	1	1	1
UHM22bin50__k141_47743_29	1	1	1	1	1	1	1	1	1	1	1	1	1	1	1	1
UHM22bin50__k141_47961_17	1	1	1	1	1	1	1	1	1	1	1	1	1	1	1	1
UHM22bin50__k141_49951_4	1	1	1	1	1	1	1	1	1	1	1	1	1	1	1	1
UHM22bin50__k141_50715_4	1	1	1	1	1	1	1	1	1	1	1	1	1	1	1	1
UHM22bin50__k141_53347_6	1	1	1	1	1	1	1	1	1	1	1	1	1	1	1	1
UHM22bin50__k141_53843_3	1	1	1	1	1	1	1	1	1	1	1	1	1	1	1	1
UHM22bin50__k141_57404_6	1	1	1	1	1	1	1	1	1	1	1	1	1	1	1	1
UHM22bin50__k141_61241_12	1	1	1	1	1	1	1	1	1	1	1	1	1	1	1	1
UHM22bin50__k141_62704_9	1	1	1	1	1	1	1	1	1	1	1	1	1	1	1	1
UHM22bin50__k141_62723_31	1	1	1	1	1	1	1	1	1	1	1	1	1	1	1	1
UHM22bin50__k141_6278_1	1	1	1	1	1	1	1	1	1	1	1	1	1	1	1	1
UHM22bin50__k141_67526_12	1	1	1	1	1	1	1	1	1	0	1	1	1	1	1	1
UHM22bin50__k141_68663_5	1	1	1	1	1	1	1	1	1	1	1	1	1	1	1	1
UHM22bin50__k141_69358_17	1	1	1	1	1	1	1	1	1	1	1	1	1	1	1	1
UHM22bin50__k141_76061_3	1	1	1	1	1	1	1	1	1	1	1	1	1	1	1	1
UHM22bin50__k141_81500_23	1	1	1	1	1	1	1	1	1	1	1	1	1	1	1	1
UHM22bin50__k141_83165_9	1	1	1	1	1	1	1	1	1	1	1	1	1	1	1	1
UHM22bin50__k141_84776_14	1	1	1	1	1	1	1	1	1	1	1	1	1	1	1	1
UHM22bin50__k141_87059_18	0	0	1	1	1	0	1	1	1	0	1	0	0	1	1	0
UHM22bin50__k141_89440_5	1	1	1	1	1	1	1	1	1	1	1	1	1	1	1	1
UHM22bin50__k141_92100_38	1	1	1	1	1	1	1	1	1	1	1	1	1	1	1	1
UHM22bin50__k141_9224_15	1	1	1	1	1	1	1	1	1	1	1	1	1	1	1	1
UHM22bin50__k141_97362_13	1	1	1	1	1	1	1	1	1	0	1	1	1	1	1	0
UHM22bin54__k141_113317_33	1	1	1	1	1	1	1	1	1	1	1	1	1	1	1	1
UHM22bin54__k141_113317_35	1	1	1	1	1	1	1	1	1	1	1	1	1	1	1	1
UHM22bin54__k141_113317_36	1	1	1	1	1	1	1	1	1	1	1	1	1	1	1	1
UHM22bin54__k141_121409_12	1	1	1	1	1	1	1	1	1	1	1	1	1	1	1	1
UHM22bin54__k141_121409_5	1	1	1	1	1	1	1	1	1	1	1	1	1	1	1	1
UHM22bin54__k141_128148_4	1	1	1	1	1	1	1	1	1	1	1	1	1	1	1	1
UHM22bin54__k141_130174_1	1	1	1	1	1	1	1	1	1	1	1	1	1	1	1	1
UHM22bin54__k141_137393_182	1	1	1	1	1	1	1	1	1	0	1	1	1	1	1	0
UHM22bin54__k141_137393_261	1	1	1	1	1	1	1	1	1	1	1	1	1	1	1	1
UHM22bin54__k141_137393_3	1	1	1	1	1	1	1	1	1	1	1	1	1	1	1	1
UHM22bin54__k141_137393_367	1	1	1	1	1	1	1	1	1	1	1	1	1	1	1	1
UHM22bin54__k141_137393_42	1	1	1	1	1	1	1	1	1	1	1	1	1	1	1	1
UHM22bin54__k141_137393_441	1	0	1	1	1	1	1	1	1	1	1	0	1	1	1	1
UHM22bin54__k141_141838_29	0	0	1	1	1	0	1	1	1	0	1	0	0	1	1	0
UHM22bin54__k141_17918_25	1	1	1	1	1	1	1	1	1	1	1	1	1	1	1	1
UHM22bin54__k141_17918_35	1	1	1	1	1	1	1	1	1	1	1	1	1	1	1	1
UHM22bin54__k141_19628_57	1	1	1	1	1	1	1	1	1	1	1	1	1	1	1	1
UHM22bin54__k141_21733_46	1	1	1	1	1	1	1	1	1	1	1	1	1	1	1	1
UHM22bin54__k141_37640_19	1	1	1	1	1	1	1	1	1	1	1	1	1	1	1	1
UHM22bin54__k141_43604_39	1	1	1	1	1	1	1	1	1	1	1	1	1	1	1	1
UHM22bin54__k141_44955_101	1	1	1	1	1	1	1	1	1	1	1	1	1	1	1	1
UHM22bin54__k141_46464_71	1	1	1	1	1	1	1	1	1	1	1	1	1	1	1	1
UHM22bin54__k141_58058_18	1	1	1	1	1	1	1	1	1	1	1	1	1	1	1	1
UHM22bin54__k141_61806_4	1	1	1	1	1	1	1	1	1	1	1	1	1	1	1	1
UHM22bin54__k141_65541_8	1	1	1	1	1	1	1	1	1	1	1	1	1	1	1	1
UHM22bin54__k141_67253_14	1	1	1	1	1	1	1	1	1	1	1	1	1	1	1	1
UHM22bin54__k141_67253_15	1	1	1	1	1	1	1	1	1	1	1	1	1	1	1	1
UHM22bin54__k141_68771_37	1	0	1	1	1	1	1	1	1	1	1	1	1	1	1	1
UHM22bin54__k141_70979_8	1	1	1	1	1	1	1	1	1	1	1	1	1	1	1	1
UHM22bin54__k141_76989_107	1	1	1	1	1	1	1	1	1	1	1	1	1	1	1	1
UHM22bin54__k141_76989_140	1	1	1	1	1	1	1	1	1	1	1	1	1	1	1	1
UHM22bin54__k141_76989_29	1	1	1	1	1	1	1	1	1	1	1	1	1	1	1	1
UHM22bin54__k141_76989_71	1	1	1	1	1	1	1	1	1	1	1	1	1	1	1	1
UHM22bin8__k141_113251_21	1	1	1	1	1	1	1	1	1	1	1	1	1	1	1	1
UHM22bin8__k141_115521_8	1	1	1	1	1	1	1	1	1	1	1	1	1	1	1	1
UHM22bin8__k141_117344_9	1	1	1	1	1	1	1	1	1	1	1	1	1	1	1	1
UHM22bin8__k141_119116_157	1	1	1	1	1	1	1	1	1	1	1	1	1	1	1	1
UHM22bin8__k141_119116_167	1	1	1	1	1	1	1	1	1	1	1	1	1	1	1	1
UHM22bin8__k141_119116_221	1	1	1	1	1	1	1	1	1	1	1	1	1	1	1	1
UHM22bin8__k141_119116_4	1	1	1	1	1	1	1	1	1	1	1	1	1	1	1	1
UHM22bin8__k141_119116_83	1	1	1	1	1	1	1	1	1	1	1	1	1	1	1	1
UHM22bin8__k141_120022_50	1	1	1	1	1	1	1	1	1	1	1	1	1	1	1	1
UHM22bin8__k141_120439_1	1	1	1	1	1	1	1	1	1	1	1	1	1	1	1	1
UHM22bin8__k141_36163_2	1	1	1	1	1	1	1	1	1	1	1	1	1	1	1	1
UHM22bin8__k141_36930_37	1	0	1	1	1	1	1	1	1	1	1	1	1	1	1	1
UHM22bin8__k141_39986_76	1	1	1	1	1	1	1	1	1	1	1	1	1	1	1	1
UHM22bin8__k141_40293_201	1	1	1	1	1	1	1	1	1	1	1	1	1	1	1	1
UHM22bin8__k141_40422_105	1	1	1	1	1	1	1	1	1	1	1	1	1	1	1	1
UHM22bin8__k141_46722_221	1	1	1	1	1	1	1	1	1	1	1	1	1	1	1	1
UHM22bin8__k141_46722_222	1	1	1	1	1	1	1	1	1	1	1	1	1	1	1	1
UHM22bin8__k141_46722_224	1	1	1	1	1	1	1	1	1	1	1	1	1	1	1	1
UHM22bin8__k141_56023_71	1	1	1	1	1	1	1	1	1	1	1	1	1	1	1	1
UHM22bin8__k141_57072_30	1	1	1	1	1	1	1	1	1	1	1	1	1	1	1	1
UHM22bin8__k141_57072_66	1	1	1	1	1	1	1	1	1	1	1	1	1	1	1	1
UHM22bin8__k141_64557_182	1	1	1	1	1	1	1	1	1	0	1	1	1	1	1	0
UHM22bin8__k141_64557_261	1	1	1	1	1	1	1	1	1	1	1	1	1	1	1	1
UHM22bin8__k141_64557_3	1	1	1	1	1	1	1	1	1	1	1	1	1	1	1	1
UHM22bin8__k141_64557_367	1	1	1	1	1	1	1	1	1	1	1	1	1	1	1	1
UHM22bin8__k141_64557_42	1	1	1	1	1	1	1	1	1	1	1	1	1	1	1	1
UHM22bin8__k141_64557_441	1	0	1	1	1	1	1	1	1	1	1	0	1	1	1	1
UHM22bin8__k141_64557_475	1	1	1	1	1	1	1	1	1	1	1	1	1	1	1	1
UHM22bin8__k141_66368_77	0	0	1	1	1	0	1	1	1	0	1	0	0	1	1	0
UHM22bin8__k141_67375_116	1	1	1	1	1	1	1	1	1	1	1	1	1	1	1	1
UHM22bin8__k141_71470_2	1	1	1	1	1	1	1	1	1	0	1	1	1	1	1	1
UHM22bin8__k141_72073_27	1	1	1	1	1	1	1	1	1	1	1	1	1	1	1	1
UHM22bin8__k141_727_104	1	1	1	1	1	1	1	1	1	1	1	1	1	1	1	1
UHM22bin8__k141_727_132	1	1	1	1	1	1	1	1	1	1	1	1	1	1	1	1
UHM22bin8__k141_727_174	1	1	1	1	1	1	1	1	1	1	1	1	1	1	1	1
UHM22bin8__k141_727_210	1	1	1	1	1	1	1	1	1	1	1	1	1	1	1	1
UHM22bin8__k141_727_243	1	1	1	1	1	1	1	1	1	1	1	1	1	1	1	1
UHM22bin8__k141_727_25	1	1	1	1	1	1	1	1	1	1	1	1	1	1	1	1
UHM22bin8__k141_727_35	1	1	1	1	1	1	1	1	1	1	1	1	1	1	1	1
UHM22bin8__k141_727_64	1	1	1	1	1	1	1	1	1	1	1	1	1	1	1	1
UHM22bin8__k141_73766_12	1	1	1	1	1	1	1	1	1	1	1	1	1	1	1	1
UHM22bin8__k141_73766_5	1	1	1	1	1	1	1	1	1	1	1	1	1	1	1	1
UHM22bin8__k141_83923_23	1	1	1	1	1	1	1	1	1	1	1	1	1	1	1	1
UHM22bin8__k141_96553_130	1	1	1	1	1	1	1	1	1	1	1	1	1	1	1	1
UHM22bin8__k141_96553_35	1	1	1	1	1	1	1	1	1	1	1	1	1	1	1	1
UHM40bin27__k141_11489_76	1	1	1	1	1	1	1	1	1	1	1	1	1	1	1	1
UHM40bin27__k141_117478_71	1	1	1	1	1	1	1	1	1	1	1	1	1	1	1	1
UHM40bin27__k141_120590_9	1	1	1	1	1	1	1	1	1	1	1	1	1	1	1	1
UHM40bin27__k141_138413_142	1	1	1	1	1	1	1	1	1	1	1	1	1	1	1	1
UHM40bin27__k141_149076_135	1	1	1	1	1	1	1	1	1	1	1	1	1	1	1	1
UHM40bin27__k141_149076_163	1	1	1	1	1	1	1	1	1	1	1	1	1	1	1	1
UHM40bin27__k141_149076_203	1	1	1	1	1	1	1	1	1	1	1	1	1	1	1	1
UHM40bin27__k141_149076_232	1	1	1	1	1	1	1	1	1	1	1	1	1	1	1	1
UHM40bin27__k141_149076_24	1	1	1	1	1	1	1	1	1	1	1	1	1	1	1	1
UHM40bin27__k141_149076_242	1	1	1	1	1	1	1	1	1	1	1	1	1	1	1	1
UHM40bin27__k141_149076_57	1	1	1	1	1	1	1	1	1	1	1	1	1	1	1	1
UHM40bin27__k141_149076_93	1	1	1	1	1	1	1	1	1	1	1	1	1	1	1	1
UHM40bin27__k141_151589_1	1	1	1	1	1	1	1	1	1	1	1	1	1	1	1	1
UHM40bin27__k141_15345_200	1	1	1	1	1	1	1	1	1	1	1	1	1	1	1	1
UHM40bin27__k141_19791_57	1	1	1	1	1	1	1	1	1	1	1	1	1	1	1	1
UHM40bin27__k141_21477_182	1	1	1	1	1	1	1	1	1	0	1	1	1	1	1	0
UHM40bin27__k141_21477_261	1	1	1	1	1	1	1	1	1	1	1	1	1	1	1	1
UHM40bin27__k141_21477_3	1	1	1	1	1	1	1	1	1	1	1	1	1	1	1	1
UHM40bin27__k141_21477_367	1	1	1	1	1	1	1	1	1	1	1	1	1	1	1	1
UHM40bin27__k141_21477_42	1	1	1	1	1	1	1	1	1	1	1	1	1	1	1	1
UHM40bin27__k141_21477_441	1	0	1	1	1	1	1	1	1	1	1	0	1	1	1	1
UHM40bin27__k141_21477_475	1	1	1	1	1	1	1	1	1	1	1	1	1	1	1	1
UHM40bin27__k141_32904_2	1	1	1	1	1	1	1	1	1	1	1	1	1	1	1	1
UHM40bin27__k141_46324_59	1	1	1	1	1	1	1	1	1	1	1	1	1	1	1	1
UHM40bin27__k141_49258_66	1	1	1	1	1	1	1	1	1	1	1	1	1	1	1	1
UHM40bin27__k141_49258_67	1	1	1	1	1	1	1	1	1	1	1	1	1	1	1	1
UHM40bin27__k141_49258_69	1	1	1	1	1	1	1	1	1	1	1	1	1	1	1	1
UHM40bin27__k141_49394_153	1	1	1	1	1	1	1	1	1	1	1	1	1	1	1	1
UHM40bin27__k141_49394_207	1	1	1	1	1	1	1	1	1	1	1	1	1	1	1	1
UHM40bin27__k141_49394_217	1	1	1	1	1	1	1	1	1	1	1	1	1	1	1	1
UHM40bin27__k141_49394_27	1	1	1	1	1	1	1	1	1	1	1	1	1	1	1	1
UHM40bin27__k141_49394_291	1	1	1	1	1	1	1	1	1	1	1	1	1	1	1	1
UHM40bin27__k141_49394_370	1	1	1	1	1	1	1	1	1	1	1	1	1	1	1	1
UHM40bin27__k141_58659_24	1	1	1	1	1	1	1	1	1	1	1	1	1	1	1	1
UHM40bin27__k141_58659_60	1	1	1	1	1	1	1	1	1	1	1	1	1	1	1	1
UHM40bin27__k141_63617_92	1	0	1	1	1	1	1	1	1	1	1	1	1	1	1	1
UHM40bin27__k141_68372_165	1	1	1	1	1	1	1	1	1	1	1	1	1	1	1	1
UHM40bin27__k141_68372_70	1	1	1	1	1	1	1	1	1	1	1	1	1	1	1	1
UHM40bin27__k141_69199_77	0	0	1	1	1	0	1	1	1	0	1	0	0	1	1	0
UHM40bin27__k141_80215_15	1	1	1	1	1	1	1	1	1	1	1	1	1	1	1	1
UHM40bin27__k141_87657_15	1	1	1	1	1	1	1	1	1	0	1	1	1	1	1	1
UHM40bin27__k141_87657_2	1	1	1	1	1	1	1	1	1	1	1	1	1	1	1	1
UHM40bin27__k141_87657_9	1	1	1	1	1	1	1	1	1	1	1	1	1	1	1	1
UHM40bin27__k141_89014_71	1	1	1	1	1	1	1	1	1	1	1	1	1	1	1	1
UHM40bin4__k141_107324_8	1	1	1	1	1	1	1	1	1	1	1	1	1	1	1	1
UHM40bin4__k141_110296_93	1	1	1	1	1	1	1	1	1	1	1	1	1	1	1	1
UHM40bin4__k141_115808_53	1	0	1	1	1	1	1	1	1	1	1	0	1	1	1	1
UHM40bin4__k141_115808_87	1	1	1	1	1	1	1	1	1	1	1	1	1	1	1	1
UHM40bin4__k141_118573_1	1	1	1	1	1	1	1	1	1	1	1	1	1	1	1	1
UHM40bin4__k141_118573_41	1	1	1	1	1	1	1	1	1	1	1	1	1	1	1	1
UHM40bin4__k141_128239_106	1	1	1	1	1	1	1	1	1	1	1	1	1	1	1	1
UHM40bin4__k141_128239_139	1	1	1	1	1	1	1	1	1	1	1	1	1	1	1	1
UHM40bin4__k141_128239_28	1	1	1	1	1	1	1	1	1	1	1	1	1	1	1	1
UHM40bin4__k141_128239_70	1	1	1	1	1	1	1	1	1	1	1	1	1	1	1	1
UHM40bin4__k141_128943_9	1	1	1	1	1	1	1	1	1	1	1	1	1	1	1	1
UHM40bin4__k141_13213_59	1	1	1	1	1	1	1	1	1	1	1	1	1	1	1	1
UHM40bin4__k141_132300_3	1	0	1	1	1	1	1	1	1	1	1	1	1	1	1	1
UHM40bin4__k141_133623_1	1	1	1	1	1	1	1	1	1	1	1	1	1	1	1	1
UHM40bin4__k141_13663_1	1	1	1	1	1	1	1	1	1	1	1	1	1	1	1	1
UHM40bin4__k141_13663_96	1	1	1	1	1	1	1	1	1	1	1	1	1	1	1	1
UHM40bin4__k141_14004_35	1	1	1	1	1	1	1	1	1	1	1	1	1	1	1	1
UHM40bin4__k141_19088_38	1	1	1	1	1	1	1	1	1	1	1	1	1	1	1	1
UHM40bin4__k141_24595_121	1	1	1	1	1	1	1	1	1	1	1	1	1	1	1	1
UHM40bin4__k141_24595_15	1	1	1	1	1	1	1	1	1	1	1	1	1	1	1	1
UHM40bin4__k141_24595_200	1	1	1	1	1	1	1	1	1	0	1	1	1	1	1	0
UHM40bin4__k141_24595_340	1	1	1	1	1	1	1	1	1	1	1	1	1	1	1	1
UHM40bin4__k141_24595_379	1	1	1	1	1	1	1	1	1	1	1	1	1	1	1	1
UHM40bin4__k141_35727_39	1	1	1	1	1	1	1	1	1	1	1	1	1	1	1	1
UHM40bin4__k141_38018_16	1	1	1	1	1	1	1	1	1	1	1	1	1	1	1	1
UHM40bin4__k141_38124_95	1	1	1	1	1	1	1	1	1	0	1	1	1	1	1	1
UHM40bin4__k141_42080_43	1	1	1	1	1	1	1	1	1	1	1	1	1	1	1	1
UHM40bin4__k141_51364_2	1	1	1	1	1	1	1	1	1	1	1	1	1	1	1	1
UHM40bin4__k141_51758_102	1	1	1	1	1	1	1	1	1	1	1	1	1	1	1	1
UHM40bin4__k141_51758_109	1	1	1	1	1	1	1	1	1	1	1	1	1	1	1	1
UHM40bin4__k141_51758_17	1	1	1	1	1	1	1	1	1	1	1	1	1	1	1	1
UHM40bin4__k141_51758_7	1	1	1	1	1	1	1	1	1	1	1	1	1	1	1	1
UHM40bin4__k141_51758_92	1	1	1	1	1	1	1	1	1	1	1	1	1	1	1	1
UHM40bin4__k141_58351_58	1	1	1	1	1	1	1	1	1	1	1	1	1	1	1	1
UHM40bin4__k141_70866_49	1	1	1	1	1	1	1	1	1	1	1	1	1	1	1	1
UHM40bin4__k141_79640_58	1	0	1	1	1	1	1	1	1	1	1	1	1	1	1	1
UHM40bin4__k141_79715_14	1	1	1	1	1	1	1	1	1	1	1	1	1	1	1	1
UHM40bin4__k141_80587_59	1	1	1	1	1	1	1	1	1	1	1	1	1	1	1	1
UHM40bin4__k141_80587_61	1	1	1	1	1	1	1	1	1	1	1	1	1	1	1	1
UHM40bin4__k141_80587_62	1	1	1	1	1	1	1	1	1	1	1	1	1	1	1	1
UHM40bin4__k141_83195_29	0	0	1	1	1	0	1	1	1	0	1	0	0	1	1	0
UHM40bin4__k141_84135_18	1	1	1	1	1	1	1	1	1	1	1	1	1	1	1	1
UHM40bin4__k141_84504_25	1	1	1	1	1	1	1	1	1	1	1	1	1	1	1	1
UHM40bin4__k141_84504_35	1	1	1	1	1	1	1	1	1	1	1	1	1	1	1	1
UHM40bin4__k141_85423_18	1	1	1	1	1	1	1	1	1	1	1	1	1	1	1	1
UHM43bin53__k141_100052_9	1	1	1	1	1	1	1	1	1	1	1	1	1	1	1	1
UHM43bin53__k141_10989_77	1	1	1	1	1	1	1	1	1	1	1	1	1	1	1	1
UHM43bin53__k141_111302_26	1	1	1	1	1	1	1	1	1	1	1	1	1	1	1	1
UHM43bin53__k141_111302_36	1	1	1	1	1	1	1	1	1	1	1	1	1	1	1	1
UHM43bin53__k141_111302_89	1	1	1	1	1	1	1	1	1	1	1	1	1	1	1	1
UHM43bin53__k141_115647_11	1	1	1	1	1	1	1	1	1	1	1	1	1	1	1	1
UHM43bin53__k141_117805_26	1	1	1	1	1	1	1	1	1	1	1	1	1	1	1	1
UHM43bin53__k141_13016_1	1	1	1	1	1	1	1	1	1	1	1	1	1	1	1	1
UHM43bin53__k141_141120_15	1	1	1	1	1	1	1	1	1	1	1	1	1	1	1	1
UHM43bin53__k141_143230_2	1	1	1	1	1	1	1	1	1	1	1	1	1	1	1	1
UHM43bin53__k141_144160_26	1	1	1	1	1	1	1	1	1	1	1	1	1	1	1	1
UHM43bin53__k141_148583_32	1	1	1	1	1	1	1	1	1	1	1	1	1	1	1	1
UHM43bin53__k141_157202_1	1	1	1	1	1	1	1	1	1	1	1	1	1	1	1	1
UHM43bin53__k141_25273_2	1	1	1	1	1	1	1	1	1	1	1	1	1	1	1	1
UHM43bin53__k141_26253_55	1	1	1	1	1	1	1	1	1	1	1	1	1	1	1	1
UHM43bin53__k141_26253_56	1	1	1	1	1	1	1	1	1	1	1	1	1	1	1	1
UHM43bin53__k141_2972_55	1	1	1	1	1	1	1	1	1	1	1	1	1	1	1	1
UHM43bin53__k141_63049_34	1	1	1	1	1	1	1	1	1	1	1	1	1	1	1	1
UHM43bin53__k141_69495_28	1	1	1	1	1	1	1	1	1	1	1	1	1	1	1	1
UHM43bin53__k141_80950_13	1	1	1	1	1	1	1	1	1	1	1	1	1	1	1	1
UHM56bin19__k141_100254_1	1	1	1	1	1	1	1	1	1	1	1	1	1	1	1	1
UHM56bin19__k141_106229_3	1	1	1	1	1	1	1	1	1	1	1	1	1	1	1	1
UHM56bin19__k141_106702_15	1	1	1	1	1	1	1	1	1	1	1	1	1	1	1	1
UHM56bin19__k141_113923_4	1	1	1	1	1	1	1	1	1	1	1	1	1	1	1	1
UHM56bin19__k141_114626_2	1	1	1	1	1	1	1	1	1	1	1	1	1	1	1	1
UHM56bin19__k141_115454_11	1	1	1	1	1	1	1	1	1	1	1	1	1	1	1	1
UHM56bin19__k141_117581_4	1	1	1	1	1	1	1	1	1	1	1	1	1	1	1	1
UHM56bin19__k141_121255_3	1	1	1	1	1	1	1	1	1	1	1	1	1	1	1	1
UHM56bin19__k141_125383_3	1	1	1	1	1	1	1	1	1	1	1	1	1	1	1	1
UHM56bin19__k141_12547_3	1	1	1	1	1	1	1	1	1	1	1	1	1	1	1	1
UHM56bin19__k141_126775_3	1	0	1	1	1	1	1	1	1	1	1	1	1	1	1	1
UHM56bin19__k141_15110_4	1	1	1	1	1	1	1	1	1	0	1	1	1	1	1	1
UHM56bin19__k141_20021_2	1	1	1	1	1	1	1	1	1	1	1	1	1	1	1	1
UHM56bin19__k141_20879_1	1	1	1	1	1	1	1	1	1	1	1	1	1	1	1	1
UHM56bin19__k141_23296_4	1	1	1	1	1	1	1	1	1	1	1	1	1	1	1	1
UHM56bin19__k141_28042_7	1	1	1	1	1	1	1	1	1	1	1	1	1	1	1	1
UHM56bin19__k141_31343_6	1	1	1	1	1	1	1	1	1	1	1	1	1	1	1	1
UHM56bin19__k141_3224_3	1	1	1	1	1	1	1	1	1	1	1	1	1	1	1	1
UHM56bin19__k141_33475_3	1	0	1	1	1	1	1	1	1	1	1	0	1	1	1	1
UHM56bin19__k141_33601_7	1	1	1	1	1	1	1	1	1	1	1	1	1	1	1	1
UHM56bin19__k141_34732_5	1	1	1	1	1	1	1	1	1	1	1	1	1	1	1	1
UHM56bin19__k141_50545_2	1	1	1	1	1	1	1	1	1	1	1	1	1	1	1	1
UHM56bin19__k141_62277_4	1	1	1	1	1	1	1	1	1	1	1	1	1	1	1	1
UHM56bin19__k141_66905_5	1	1	1	1	1	1	1	1	1	1	1	1	1	1	1	1
UHM56bin19__k141_75381_4	1	1	1	1	1	1	1	1	1	1	1	1	1	1	1	1
UHM56bin19__k141_7913_6	1	1	1	1	1	1	1	1	1	1	1	1	1	1	1	1
UHM56bin19__k141_85213_2	1	1	1	1	1	1	1	1	1	1	1	1	1	1	1	1
UHM56bin19__k141_88164_3	1	1	1	1	1	1	1	1	1	1	1	1	1	1	1	1
UHM56bin19__k141_90307_4	1	1	1	1	1	1	1	1	1	1	1	1	1	1	1	1
UHM56bin19__k141_92879_3	1	1	1	1	1	1	1	1	1	1	1	1	1	1	1	1
UHM56bin19__k141_93265_3	1	1	1	1	1	1	1	1	1	1	1	1	1	1	1	1
UHM72bin19__k141_102569_34	1	0	1	1	1	1	1	1	1	1	1	1	1	1	1	1
UHM72bin19__k141_102569_83	1	1	1	1	1	1	1	1	1	1	1	1	1	1	1	1
UHM72bin19__k141_102584_22	1	1	1	1	1	1	1	1	1	1	1	1	1	1	1	1
UHM72bin19__k141_104665_14	1	1	1	1	1	1	1	1	1	1	1	1	1	1	1	1
UHM72bin19__k141_104665_26	1	1	1	1	1	1	1	1	1	1	1	1	1	1	1	1
UHM72bin19__k141_104873_1	1	1	1	1	1	1	1	1	1	1	1	1	1	1	1	1
UHM72bin19__k141_108912_8	1	1	1	1	1	1	1	1	1	1	1	1	1	1	1	1
UHM72bin19__k141_109786_77	1	1	1	1	1	1	1	1	1	1	1	1	1	1	1	1
UHM72bin19__k141_109786_78	1	1	1	1	1	1	1	1	1	1	1	1	1	1	1	1
UHM72bin19__k141_109786_80	1	1	1	1	1	1	1	1	1	1	1	1	1	1	1	1
UHM72bin19__k141_111721_144	1	1	1	1	1	1	1	1	1	1	1	1	1	1	1	1
UHM72bin19__k141_111721_34	1	1	1	1	1	1	1	1	1	1	1	1	1	1	1	1
UHM72bin19__k141_116244_7	1	1	1	1	1	1	1	1	1	1	1	1	1	1	1	1
UHM72bin19__k141_117307_28	1	1	1	1	1	1	1	1	1	1	1	1	1	1	1	1
UHM72bin19__k141_117307_70	1	1	1	1	1	1	1	1	1	1	1	1	1	1	1	1
UHM72bin19__k141_118426_76	1	1	1	1	1	1	1	1	1	1	1	1	1	1	1	1
UHM72bin19__k141_122156_73	1	1	1	1	1	1	1	1	1	1	1	1	1	1	1	1
UHM72bin19__k141_125775_121	1	1	1	1	1	1	1	1	1	1	1	1	1	1	1	1
UHM72bin19__k141_125775_43	1	0	1	1	1	1	1	1	1	1	1	0	1	1	1	1
UHM72bin19__k141_125775_9	1	1	1	1	1	1	1	1	1	1	1	1	1	1	1	1
UHM72bin19__k141_26829_28	1	1	1	1	1	1	1	1	1	1	1	1	1	1	1	1
UHM72bin19__k141_32079_12	1	1	1	1	1	1	1	1	1	1	1	1	1	1	1	1
UHM72bin19__k141_32680_14	1	1	1	1	1	1	1	1	1	0	1	1	1	1	1	1
UHM72bin19__k141_32680_20	1	1	1	1	1	1	1	1	1	1	1	1	1	1	1	1
UHM72bin19__k141_32680_27	1	1	1	1	1	1	1	1	1	1	1	1	1	1	1	1
UHM72bin19__k141_33060_145	1	1	1	1	1	1	1	1	1	1	1	1	1	1	1	1
UHM72bin19__k141_33060_184	1	1	1	1	1	1	1	1	1	1	1	1	1	1	1	1
UHM72bin19__k141_33060_209	1	1	1	1	1	1	1	1	1	1	1	1	1	1	1	1
UHM72bin19__k141_40840_39	1	1	1	1	1	1	1	1	1	1	1	1	1	1	1	1
UHM72bin19__k141_44711_1	1	1	1	1	1	1	1	1	1	1	1	1	1	1	1	1
UHM72bin19__k141_44711_69	1	1	1	1	1	1	1	1	1	1	1	1	1	1	1	1
UHM72bin19__k141_44711_79	1	1	1	1	1	1	1	1	1	1	1	1	1	1	1	1
UHM72bin19__k141_53243_70	1	1	1	1	1	1	1	1	1	1	1	1	1	1	1	1
UHM72bin19__k141_58913_3	1	1	1	1	1	1	1	1	1	1	1	1	1	1	1	1
UHM72bin19__k141_6202_9	1	1	1	1	1	1	1	1	1	1	1	1	1	1	1	1
UHM72bin19__k141_64763_112	1	1	1	1	1	1	1	1	1	1	1	1	1	1	1	1
UHM72bin19__k141_64763_33	1	1	1	1	1	1	1	1	1	1	1	1	1	1	1	1
UHM72bin19__k141_66890_101	1	1	1	1	1	1	1	1	1	1	1	1	1	1	1	1
UHM72bin19__k141_66890_156	0	0	1	1	1	0	1	1	1	0	1	0	0	1	1	0
